Workbook

Sheet Как пользоваться
A1: Карта связей прототипа — фаза 0
A3: Эталонная карта переходов: как экраны должны быть связаны. Состав экранов приведён к прототипу и паспорту сервиса: клиентская часть (лендинг, запись в четыре шага без предоплаты, кабинет) и раздел администратора. Кабинета мастера, оплат, листа ожидания, сообщений, отзывов и аналитики в продукте нет.
A4: Эталонная карта переходов: как экраны должны быть связаны. Кабинеты мастера и администратора собраны по спроектированным экранам, клиентская часть — по результатам сверки с проектом (лендинг с якорным меню, четыре шага записи без предоплаты, кабинет из пяти пунктов).
A6: Листы
A7: Реестр — все страницы, модалки, шторки и состояния с ID. Колонки «Исходящих», «Входящих» и «Проверка» считаются автоматически.
A8: Навигация — повторяющиеся элементы: шапки, подвал, меню, таб-бар, переключатель ролей.
A9: Связи — переходы внутри содержимого страниц, по блокам.
A10: Сценарии — сквозные пути для финальной проверки.
A11: Вопросы — что нужно решить до связывания.
A12: Сводка — счётчики по блокам: сироты, тупики, прогресс.
A14: Цвета
A15: Жёлтые ячейки заполняете вы: название в проекте, статус сверки, статус применения.
... A32: 25.09.2026 реестр, навигация, связи, сценарии и вопросы сверены с Prototype/Прототип - Ноготочки.dc.html и Лендинг - Ноготочки.dc.html. Экраны, которых нет в прототипе и которые исключает паспорт, удалены вместе со своими связями. Факт по каждому пункту — в колонках «Комментарий сверки» и «Факт в прототипе». Строки с примечанием «Добавлено при сверке» — экраны и переходы, которых раньше не было в карте.

Sheet Сводка
A1: Блок | B1: Страниц | C1: Связей из блока | D1: Связано | E1: Нет элемента | F1: Требует решения | G1: Сирот | H1: Тупиков | I1: Не сверено
A2: PUB | B2: =COUNTIF(Реестр!$B:$B,A2) | C2: =COUNTIF(Связи!$B:$B,A2) | D2: =COUNTIFS(Связи!$B:$B,A2,Связи!$J:$J,"Связано") | E2: =COUNTIFS(Связи!$B:$B,A2,Связи!$J:$J,"Нет элемента") | F2: =COUNTIFS(Связи!$B:$B,A2,Связи!$J:$J,"Требует решения") | G2: =COUNTIFS(Реестр!$B:$B,A2,Реестр!$L:$L,"⚠ сирота") | H2: =COUNTIFS(Реестр!$B:$B,A2,Реестр!$L:$L,"⚠ тупик") | I2: =COUNTIFS(Реестр!$B:$B,A2,Реестр!$I:$I,"Не сверено")
A3: AUTH | B3: =COUNTIF(Реестр!$B:$B,A3) | C3: =COUNTIF(Связи!$B:$B,A3) | D3: =COUNTIFS(Связи!$B:$B,A3,Связи!$J:$J,"Связано") | E3: =COUNTIFS(Связи!$B:$B,A3,Связи!$J:$J,"Нет элемента") | F3: =COUNTIFS(Связи!$B:$B,A3,Связи!$J:$J,"Требует решения") | G3: =COUNTIFS(Реестр!$B:$B,A3,Реестр!$L:$L,"⚠ сирота") | H3: =COUNTIFS(Реестр!$B:$B,A3,Реестр!$L:$L,"⚠ тупик") | I3: =COUNTIFS(Реестр!$B:$B,A3,Реестр!$I:$I,"Не сверено")
A4: BOOK | B4: =COUNTIF(Реестр!$B:$B,A4) | C4: =COUNTIF(Связи!$B:$B,A4) | D4: =COUNTIFS(Связи!$B:$B,A4,Связи!$J:$J,"Связано") | E4: =COUNTIFS(Связи!$B:$B,A4,Связи!$J:$J,"Нет элемента") | F4: =COUNTIFS(Связи!$B:$B,A4,Связи!$J:$J,"Требует решения") | G4: =COUNTIFS(Реестр!$B:$B,A4,Реестр!$L:$L,"⚠ сирота") | H4: =COUNTIFS(Реестр!$B:$B,A4,Реестр!$L:$L,"⚠ тупик") | I4: =COUNTIFS(Реестр!$B:$B,A4,Реестр!$I:$I,"Не сверено")
A5: CAB | B5: =COUNTIF(Реестр!$B:$B,A5) | C5: =COUNTIF(Связи!$B:$B,A5) | D5: =COUNTIFS(Связи!$B:$B,A5,Связи!$J:$J,"Связано") | E5: =COUNTIFS(Связи!$B:$B,A5,Связи!$J:$J,"Нет элемента") | F5: =COUNTIFS(Связи!$B:$B,A5,Связи!$J:$J,"Требует решения") | G5: =COUNTIFS(Реестр!$B:$B,A5,Реестр!$L:$L,"⚠ сирота") | H5: =COUNTIFS(Реестр!$B:$B,A5,Реестр!$L:$L,"⚠ тупик") | I5: =COUNTIFS(Реестр!$B:$B,A5,Реестр!$I:$I,"Не сверено")
A6: A | B6: =COUNTIF(Реестр!$B:$B,A6) | C6: =COUNTIF(Связи!$B:$B,A6) | D6: =COUNTIFS(Связи!$B:$B,A6,Связи!$J:$J,"Связано") | E6: =COUNTIFS(Связи!$B:$B,A6,Связи!$J:$J,"Нет элемента") | F6: =COUNTIFS(Связи!$B:$B,A6,Связи!$J:$J,"Требует решения") | G6: =COUNTIFS(Реестр!$B:$B,A6,Реестр!$L:$L,"⚠ сирота") | H6: =COUNTIFS(Реестр!$B:$B,A6,Реестр!$L:$L,"⚠ тупик") | I6: =COUNTIFS(Реестр!$B:$B,A6,Реестр!$I:$I,"Не сверено")
A7: SYS | B7: =COUNTIF(Реестр!$B:$B,A7) | C7: =COUNTIF(Связи!$B:$B,A7) | D7: =COUNTIFS(Связи!$B:$B,A7,Связи!$J:$J,"Связано") | E7: =COUNTIFS(Связи!$B:$B,A7,Связи!$J:$J,"Нет элемента") | F7: =COUNTIFS(Связи!$B:$B,A7,Связи!$J:$J,"Требует решения") | G7: =COUNTIFS(Реестр!$B:$B,A7,Реестр!$L:$L,"⚠ сирота") | H7: =COUNTIFS(Реестр!$B:$B,A7,Реестр!$L:$L,"⚠ тупик") | I7: =COUNTIFS(Реестр!$B:$B,A7,Реестр!$I:$I,"Не сверено")
A8: DS | B8: =COUNTIF(Реестр!$B:$B,A8) | C8: =COUNTIF(Связи!$B:$B,A8) | D8: =COUNTIFS(Связи!$B:$B,A8,Связи!$J:$J,"Связано") | E8: =COUNTIFS(Связи!$B:$B,A8,Связи!$J:$J,"Нет элемента") | F8: =COUNTIFS(Связи!$B:$B,A8,Связи!$J:$J,"Требует решения") | G8: =COUNTIFS(Реестр!$B:$B,A8,Реестр!$L:$L,"⚠ сирота") | H8: =COUNTIFS(Реестр!$B:$B,A8,Реестр!$L:$L,"⚠ тупик") | I8: =COUNTIFS(Реестр!$B:$B,A8,Реестр!$I:$I,"Не сверено")
A9: Итого | B9: =SUM(B2:B8) | C9: =SUM(C2:C8) | D9: =SUM(D2:D8) | E9: =SUM(E2:E8) | F9: =SUM(F2:F8) | G9: =SUM(G2:G8) | H9: =SUM(H2:H8) | I9: =SUM(I2:I8)
A10: Навигация: пунктов всего | C10: =COUNTA(Навигация!$A:$A)-1
A11: Навигация: связано | C11: =COUNTIF(Навигация!$J:$J,"Связано")

Sheet Реестр
A1: ID | B1: Блок | C1: Название (ожидаемое) | D1: Тип | E1: Роль | F1: Родитель | G1: Навигация | H1: Название в проекте | I1: Сверка | J1: Исходящих | K1: Входящих | L1: Проверка | M1: Примечание | N1: Комментарий сверки
A2: PUB-01 | B2: PUB | C2: Лендинг (секции: Услуги, Как это работает, Мастера, Работы, Контакты, Отзывы, Призыв записаться) | D2: Страница | E2: Клиент | G2: NAV-LAND | H2: Лендинг - Ноготочки.dc.html | I2: Совпадает | J2: =COUNTIF(Связи!$C:$C,A2)+IF(G2="",0,COUNTIF(Навигация!$B:$B,G2)) | K2: =COUNTIF(Связи!$G:$G,A2)+COUNTIF(Навигация!$F:$F,A2) | L2: =IF(D2="Дизайн-система","вне графа",IF(AND(K2=0,OR(D2="Состояние",D2="Служебная")),"демо / вход по событию",IF(K2=0,"⚠ сирота",IF(J2=0,"⚠ тупик","ок")))) | M2: Точка входа клиента. Якорное меню, отдельных страниц секций нет | N2: Отдельный файл. Секции: первый экран, полоса доверия, как это работает, услуги, мастера, галерея работ, отзывы (только отзывы-цитаты, без формы), контакты, финальный призыв, подвал
A3: PUB-05 | B3: PUB | C3: Профиль мастера (публичный) | D3: Страница | E3: Клиент | G3: NAV-LAND | H3: #/masters/:id · «Профиль мастера» | I3: Совпадает | J3: =COUNTIF(Связи!$C:$C,A3)+IF(G3="",0,COUNTIF(Навигация!$B:$B,G3)) | K3: =COUNTIF(Связи!$G:$G,A3)+COUNTIF(Навигация!$F:$F,A3) | L3: =IF(D3="Дизайн-система","вне графа",IF(AND(K3=0,OR(D3="Состояние",D3="Служебная")),"демо / вход по событию",IF(K3=0,"⚠ сирота",IF(J3=0,"⚠ тупик","ок")))) | M3: Единственная внутренняя страница публичной части | N3: Своя простая шапка: «← Назад» и логотип. Шапки лендинга с якорями нет · 25.09.2026: блок «Работы мастера» — опубликованные фото из A-12; цены по уровню мастера
A4: AUTH-01 | B4: AUTH | C4: Вход клиента (телефон или e-mail и пароль; вход по коду из SMS) | D4: Страница | E4: Клиент | H4: #/login · «Вход» | I4: Совпадает | J4: =COUNTIF(Связи!$C:$C,A4)+IF(G4="",0,COUNTIF(Навигация!$B:$B,G4)) | K4: =COUNTIF(Связи!$G:$G,A4)+COUNTIF(Навигация!$F:$F,A4) | L4: =IF(D4="Дизайн-система","вне графа",IF(AND(K4=0,OR(D4="Состояние",D4="Служебная")),"демо / вход по событию",IF(K4=0,"⚠ сирота",IF(J4=0,"⚠ тупик","ок")))) | M4: Сверить | N4: Вход по телефону или e-mail и паролю (как в паспорте), а не по коду. Код из SMS — ссылкой «Войти по коду из SMS» · 25.09.2026: ожидаемое название приведено к схеме БД — вход по телефону или e-mail и паролю (users.phone, users.email, users.password_hash)
A5: AUTH-02 | B5: AUTH | C5: Подтверждение кодом (телефон, e-mail, вход по коду, сброс пароля) | D5: Страница | E5: Клиент | H5: #/verify · «Подтверждение телефона» | I5: Совпадает | J5: =COUNTIF(Связи!$C:$C,A5)+IF(G5="",0,COUNTIF(Навигация!$B:$B,G5)) | K5: =COUNTIF(Связи!$G:$G,A5)+COUNTIF(Навигация!$F:$F,A5) | L5: =IF(D5="Дизайн-система","вне графа",IF(AND(K5=0,OR(D5="Состояние",D5="Служебная")),"демо / вход по событию",IF(K5=0,"⚠ сирота",IF(J5=0,"⚠ тупик","ок")))) | M5: Сверить | N5: Один экран кода на все случаи: регистрация, вход по SMS, вход сотрудника, восстановление пароля. Код в демо — 1234 · 25.09.2026: ожидаемое название приведено к схеме БД — одноразовые коды хранятся хешем (auth_codes)
A6: AUTH-03 | B6: AUTH | C6: Регистрация (имя, телефон, e-mail, пароль, согласия) | D6: Страница | E6: Клиент | H6: #/register · «Регистрация» | I6: Совпадает | J6: =COUNTIF(Связи!$C:$C,A6)+IF(G6="",0,COUNTIF(Навигация!$B:$B,G6)) | K6: =COUNTIF(Связи!$G:$G,A6)+COUNTIF(Навигация!$F:$F,A6) | L6: =IF(D6="Дизайн-система","вне графа",IF(AND(K6=0,OR(D6="Состояние",D6="Служебная")),"демо / вход по событию",IF(K6=0,"⚠ сирота",IF(J6=0,"⚠ тупик","ок")))) | M6: Сверить | N6: Порядок обратный карте: сначала регистрация (имя, телефон, e-mail, пароль, согласие на обработку ПДн), потом код AUTH-02 · 25.09.2026: ожидаемое название приведено к схеме БД — согласие на обработку ПДн с редакцией политики, согласие на новости (users.pd_consent_*, marketing_consent_at)
A7: AUTH-04 | B7: AUTH | C7: Вход сотрудника | D7: Страница | E7: Сотрудник | H7: #/staff/login · «Сотрудники · вход» | I7: Совпадает | J7: =COUNTIF(Связи!$C:$C,A7)+IF(G7="",0,COUNTIF(Навигация!$B:$B,G7)) | K7: =COUNTIF(Связи!$G:$G,A7)+COUNTIF(Навигация!$F:$F,A7) | L7: =IF(D7="Дизайн-система","вне графа",IF(AND(K7=0,OR(D7="Состояние",D7="Служебная")),"демо / вход по событию",IF(K7=0,"⚠ сирота",IF(J7=0,"⚠ тупик","ок")))) | M7: Точка входа сотрудников | N7: Вход только в раздел администратора
A8: AUTH-06 | B8: AUTH | C8: Восстановление пароля | D8: Страница | E8: Сотрудник | H8: #/forgot-password · «Забыли пароль» | I8: Совпадает | J8: =COUNTIF(Связи!$C:$C,A8)+IF(G8="",0,COUNTIF(Навигация!$B:$B,G8)) | K8: =COUNTIF(Связи!$G:$G,A8)+COUNTIF(Навигация!$F:$F,A8) | L8: =IF(D8="Дизайн-система","вне графа",IF(AND(K8=0,OR(D8="Состояние",D8="Служебная")),"демо / вход по событию",IF(K8=0,"⚠ сирота",IF(J8=0,"⚠ тупик","ок")))) | N8: Общий для клиента и сотрудника (запоминает, откуда пришли)
A9: BOOK-01 | B9: BOOK | C9: Шаг 1. Услуги (мультивыбор, корзина визита) | D9: Страница | E9: Клиент | G9: NAV-BOOK | H9: #/booking/services · «Запись · услуги» | I9: Совпадает | J9: =COUNTIF(Связи!$C:$C,A9)+IF(G9="",0,COUNTIF(Навигация!$B:$B,G9)) | K9: =COUNTIF(Связи!$G:$G,A9)+COUNTIF(Навигация!$F:$F,A9) | L9: =IF(D9="Дизайн-система","вне графа",IF(AND(K9=0,OR(D9="Состояние",D9="Служебная")),"демо / вход по событию",IF(K9=0,"⚠ сирота",IF(J9=0,"⚠ тупик","ок")))) | M9: Если вход из профиля мастера — мастер уже выбран | N9: Мультивыбор, поиск, категории, плашка корзины внизу. Если пришли от мастера — «Услуги мастера …»
A10: BOOK-02 | B10: BOOK | C10: Шаг 2. Мастер | D10: Страница | E10: Клиент | G10: NAV-BOOK | H10: #/booking/master · «Запись · мастер» | I10: Совпадает | J10: =COUNTIF(Связи!$C:$C,A10)+IF(G10="",0,COUNTIF(Навигация!$B:$B,G10)) | K10: =COUNTIF(Связи!$G:$G,A10)+COUNTIF(Навигация!$F:$F,A10) | L10: =IF(D10="Дизайн-система","вне графа",IF(AND(K10=0,OR(D10="Состояние",D10="Служебная")),"демо / вход по событию",IF(K10=0,"⚠ сирота",IF(J10=0,"⚠ тупик","ок")))) | N10: Есть «Любой свободный мастер» и блок «Не подходят для этого визита»
A11: BOOK-03 | B11: BOOK | C11: Шаг 3. Время | D11: Страница | E11: Клиент | G11: NAV-BOOK | H11: #/booking/time · «Запись · дата и время» | I11: Совпадает | J11: =COUNTIF(Связи!$C:$C,A11)+IF(G11="",0,COUNTIF(Навигация!$B:$B,G11)) | K11: =COUNTIF(Связи!$G:$G,A11)+COUNTIF(Навигация!$F:$F,A11) | L11: =IF(D11="Дизайн-система","вне графа",IF(AND(K11=0,OR(D11="Состояние",D11="Служебная")),"демо / вход по событию",IF(K11=0,"⚠ сирота",IF(J11=0,"⚠ тупик","ок")))) | M11: Есть вход в лист ожидания | N11: Лента дней + календарь на месяц, «Ближайшее свободное время», кнопка «Продолжить». Листа ожидания нет
A12: BOOK-04 | B12: BOOK | C12: Шаг 4. Подтверждение | D12: Страница | E12: Клиент | G12: NAV-BOOK | H12: #/booking/confirm · «Запись · подтверждение» | I12: Совпадает | J12: =COUNTIF(Связи!$C:$C,A12)+IF(G12="",0,COUNTIF(Навигация!$B:$B,G12)) | K12: =COUNTIF(Связи!$G:$G,A12)+COUNTIF(Навигация!$F:$F,A12) | L12: =IF(D12="Дизайн-система","вне графа",IF(AND(K12=0,OR(D12="Состояние",D12="Служебная")),"демо / вход по событию",IF(K12=0,"⚠ сирота",IF(J12=0,"⚠ тупик","ок")))) | N12: Удержание слота 10 минут, комментарий мастеру, «Оплата в студии»
A13: BOOK-05 | B13: BOOK | C13: Успех | D13: Страница | E13: Клиент | H13: #/booking/success · «Запись · успех» | I13: Совпадает | J13: =COUNTIF(Связи!$C:$C,A13)+IF(G13="",0,COUNTIF(Навигация!$B:$B,G13)) | K13: =COUNTIF(Связи!$G:$G,A13)+COUNTIF(Навигация!$F:$F,A13) | L13: =IF(D13="Дизайн-система","вне графа",IF(AND(K13=0,OR(D13="Состояние",D13="Служебная")),"демо / вход по событию",IF(K13=0,"⚠ сирота",IF(J13=0,"⚠ тупик","ок")))) | M13: Итоговый экран записи
A14: BOOK-06 | B14: BOOK | C14: Ошибка | D14: Страница | E14: Клиент | H14: #/booking/error · «Запись · ошибка» | I14: Совпадает | J14: =COUNTIF(Связи!$C:$C,A14)+IF(G14="",0,COUNTIF(Навигация!$B:$B,G14)) | K14: =COUNTIF(Связи!$G:$G,A14)+COUNTIF(Навигация!$F:$F,A14) | L14: =IF(D14="Дизайн-система","вне графа",IF(AND(K14=0,OR(D14="Состояние",D14="Служебная")),"демо / вход по событию",IF(K14=0,"⚠ сирота",IF(J14=0,"⚠ тупик","ок")))) | M14: Итоговый экран записи | N14: Сценарий «Ошибка сервера» в панели разработчика
A15: BOOK-M1 | B15: BOOK | C15: Слот занят | D15: Модалка | E15: Клиент | F15: BOOK-03 | H15: Модалка «Это время только что заняли» | I15: Совпадает | J15: =COUNTIF(Связи!$C:$C,A15)+IF(G15="",0,COUNTIF(Навигация!$B:$B,G15)) | K15: =COUNTIF(Связи!$G:$G,A15)+COUNTIF(Навигация!$F:$F,A15) | L15: =IF(D15="Дизайн-система","вне графа",IF(AND(K15=0,OR(D15="Состояние",D15="Служебная")),"демо / вход по событию",IF(K15=0,"⚠ сирота",IF(J15=0,"⚠ тупик","ок")))) | M15: Сверить: возможно, заменён листом ожидания | N15: Открывается с BOOK-04 при подтверждении (сценарий «Слот заняли»), а не с BOOK-03. Родитель — BOOK-04
A16: CAB-01 | B16: CAB | C16: Мои записи | D16: Страница | E16: Клиент | G16: NAV-CAB | H16: #/account · «Личный кабинет» (пункт меню «Мои записи») | I16: Совпадает | J16: =COUNTIF(Связи!$C:$C,A16)+IF(G16="",0,COUNTIF(Навигация!$B:$B,G16)) | K16: =COUNTIF(Связи!$G:$G,A16)+COUNTIF(Навигация!$F:$F,A16) | L16: =IF(D16="Дизайн-система","вне графа",IF(AND(K16=0,OR(D16="Состояние",D16="Служебная")),"демо / вход по событию",IF(K16=0,"⚠ сирота",IF(J16=0,"⚠ тупик","ок")))) | N16: Ближайшая запись с кнопками «Перенести»/«Отменить», остальные предстоящие, пустые состояния
A17: CAB-02 | B17: CAB | C17: История | D17: Страница | E17: Клиент | G17: NAV-CAB | H17: #/account/history · «Кабинет · история» | I17: Совпадает | J17: =COUNTIF(Связи!$C:$C,A17)+IF(G17="",0,COUNTIF(Навигация!$B:$B,G17)) | K17: =COUNTIF(Связи!$G:$G,A17)+COUNTIF(Навигация!$F:$F,A17) | L17: =IF(D17="Дизайн-система","вне графа",IF(AND(K17=0,OR(D17="Состояние",D17="Служебная")),"демо / вход по событию",IF(K17=0,"⚠ сирота",IF(J17=0,"⚠ тупик","ок")))) | N17: Фильтры, «Повторить», «Подробнее». Отзыва нет
A18: CAB-03 | B18: CAB | C18: Карточка записи | D18: Страница | E18: Клиент | G18: NAV-CAB | H18: #/account/bookings/:id · «Кабинет · запись» | I18: Совпадает | J18: =COUNTIF(Связи!$C:$C,A18)+IF(G18="",0,COUNTIF(Навигация!$B:$B,G18)) | K18: =COUNTIF(Связи!$G:$G,A18)+COUNTIF(Навигация!$F:$F,A18) | L18: =IF(D18="Дизайн-система","вне графа",IF(AND(K18=0,OR(D18="Состояние",D18="Служебная")),"демо / вход по событию",IF(K18=0,"⚠ сирота",IF(J18=0,"⚠ тупик","ок")))) | N18: Меньше 24 ч — кнопок нет, подсказка и «Позвонить в салон»
A19: CAB-04 | B19: CAB | C19: Перенос записи | D19: Страница | E19: Клиент | F19: CAB-03 | H19: #/account/bookings/:id/reschedule · «Кабинет · перенос записи» | I19: Совпадает | J19: =COUNTIF(Связи!$C:$C,A19)+IF(G19="",0,COUNTIF(Навигация!$B:$B,G19)) | K19: =COUNTIF(Связи!$G:$G,A19)+COUNTIF(Навигация!$F:$F,A19) | L19: =IF(D19="Дизайн-система","вне графа",IF(AND(K19=0,OR(D19="Состояние",D19="Служебная")),"демо / вход по событию",IF(K19=0,"⚠ сирота",IF(J19=0,"⚠ тупик","ок")))) | M19: Отдельная страница без меню кабинета | N19: Выбор времени → «Было → Стало» → «Запись перенесена»
A20: CAB-05 | B20: CAB | C20: Отмена записи | D20: Модалка | E20: Клиент | F20: CAB-03 | H20: Модалка «Отменить запись?» | I20: Совпадает | J20: =COUNTIF(Связи!$C:$C,A20)+IF(G20="",0,COUNTIF(Навигация!$B:$B,G20)) | K20: =COUNTIF(Связи!$G:$G,A20)+COUNTIF(Навигация!$F:$F,A20) | L20: =IF(D20="Дизайн-система","вне графа",IF(AND(K20=0,OR(D20="Состояние",D20="Служебная")),"демо / вход по событию",IF(K20=0,"⚠ сирота",IF(J20=0,"⚠ тупик","ок")))) | N20: Причина отмены, «Может, перенести?», экран «Запись отменена» внутри модалки. Открывается с CAB-01 и CAB-03
A21: CAB-07 | B21: CAB | C21: Профиль | D21: Страница | E21: Клиент | G21: NAV-CAB | H21: #/account/profile · «Кабинет · профиль» | I21: Совпадает | J21: =COUNTIF(Связи!$C:$C,A21)+IF(G21="",0,COUNTIF(Навигация!$B:$B,G21)) | K21: =COUNTIF(Связи!$G:$G,A21)+COUNTIF(Навигация!$F:$F,A21) | L21: =IF(D21="Дизайн-система","вне графа",IF(AND(K21=0,OR(D21="Состояние",D21="Служебная")),"демо / вход по событию",IF(K21=0,"⚠ сирота",IF(J21=0,"⚠ тупик","ок")))) | N21: Личные данные, смена пароля, «Выйти», «Удалить аккаунт»
A22: A-01 | B22: A | C22: Шахматка (день) | D22: Страница | E22: Администратор | G22: NAV-A | H22: #/staff/admin-home · «Администратор · Шахматка» | I22: Совпадает | J22: =COUNTIF(Связи!$C:$C,A22)+IF(G22="",0,COUNTIF(Навигация!$B:$B,G22)) | K22: =COUNTIF(Связи!$G:$G,A22)+COUNTIF(Навигация!$F:$F,A22) | L22: =IF(D22="Дизайн-система","вне графа",IF(AND(K22=0,OR(D22="Состояние",D22="Служебная")),"демо / вход по событию",IF(K22=0,"⚠ сирота",IF(J22=0,"⚠ тупик","ок")))) | M22: Главный экран администратора | N22: Четверг 24 сентября, сводка дня, колонки мастеров
A23: A-01w | B23: A | C23: Шахматка (неделя) | D23: Страница | E23: Администратор | F23: A-01 | G23: NAV-A | H23: Переключатель «Неделя» на #/staff/admin-home | I23: Совпадает | J23: =COUNTIF(Связи!$C:$C,A23)+IF(G23="",0,COUNTIF(Навигация!$B:$B,G23)) | K23: =COUNTIF(Связи!$G:$G,A23)+COUNTIF(Навигация!$F:$F,A23) | L23: =IF(D23="Дизайн-система","вне графа",IF(AND(K23=0,OR(D23="Состояние",D23="Служебная")),"демо / вход по событию",IF(K23=0,"⚠ сирота",IF(J23=0,"⚠ тупик","ок")))) | N23: Мастера × вт–сб (22–26 сентября). Четверг — живые записи с поповером, остальные дни — демо-записи и блокировки из паспорта. Добавлено 25.09.2026
A24: A-01d | B24: A | C24: Шахматка — перетаскивание записи | D24: Состояние | E24: Администратор | F24: A-01 | G24: NAV-A | H24: Перетаскивание записи в шахматке | I24: Совпадает | J24: =COUNTIF(Связи!$C:$C,A24)+IF(G24="",0,COUNTIF(Навигация!$B:$B,G24)) | K24: =COUNTIF(Связи!$G:$G,A24)+COUNTIF(Навигация!$F:$F,A24) | L24: =IF(D24="Дизайн-система","вне графа",IF(AND(K24=0,OR(D24="Состояние",D24="Служебная")),"демо / вход по событию",IF(K24=0,"⚠ сирота",IF(J24=0,"⚠ тупик","ок")))) | N24: Состояние внутри A-01
A25: A-02 | B25: A | C25: Панель создания записи | D25: Панель | E25: Администратор | F25: A-01 | H25: Панель «Новая запись» | I25: Совпадает | J25: =COUNTIF(Связи!$C:$C,A25)+IF(G25="",0,COUNTIF(Навигация!$B:$B,G25)) | K25: =COUNTIF(Связи!$G:$G,A25)+COUNTIF(Навигация!$F:$F,A25) | L25: =IF(D25="Дизайн-система","вне графа",IF(AND(K25=0,OR(D25="Состояние",D25="Служебная")),"демо / вход по событию",IF(K25=0,"⚠ сирота",IF(J25=0,"⚠ тупик","ок")))) | N25: Открывается с любого экрана администратора
A26: A-02s | B26: A | C26: Создание записи — конфликт слота | D26: Состояние | E26: Администратор | F26: A-02 | H26: Плашка «Слот только что занят другой записью» в панели | I26: Совпадает | J26: =COUNTIF(Связи!$C:$C,A26)+IF(G26="",0,COUNTIF(Навигация!$B:$B,G26)) | K26: =COUNTIF(Связи!$G:$G,A26)+COUNTIF(Навигация!$F:$F,A26) | L26: =IF(D26="Дизайн-система","вне графа",IF(AND(K26=0,OR(D26="Состояние",D26="Служебная")),"демо / вход по событию",IF(K26=0,"⚠ сирота",IF(J26=0,"⚠ тупик","ок"))))
A27: A-03 | B27: A | C27: Поповер записи | D27: Поповер | E27: Администратор | F27: A-01 | H27: Поповер записи | I27: Совпадает | J27: =COUNTIF(Связи!$C:$C,A27)+IF(G27="",0,COUNTIF(Навигация!$B:$B,G27)) | K27: =COUNTIF(Связи!$G:$G,A27)+COUNTIF(Навигация!$F:$F,A27) | L27: =IF(D27="Дизайн-система","вне графа",IF(AND(K27=0,OR(D27="Состояние",D27="Служебная")),"демо / вход по событию",IF(K27=0,"⚠ сирота",IF(J27=0,"⚠ тупик","ок")))) | N27: Кнопки: «Перенести», «Визит завершён», «Отметить неявку», «Отменить», «Открыть карточку клиента». «Подтвердить» и «Принять оплату» нет · 25.09.2026: у завершённой записи — «Фото работ» (A-12); время записи показывает уборку до … · 25.09.2026: «Визит завершён» и «Отметить неявку» — только для визита, который уже начался; у записей не из демо-дня в поповере показывается дата
A28: A-04 | B28: A | C28: Диалог переноса | D28: Модалка | E28: Администратор | F28: A-03 | H28: Диалог «Перенос записи» | I28: Совпадает | J28: =COUNTIF(Связи!$C:$C,A28)+IF(G28="",0,COUNTIF(Навигация!$B:$B,G28)) | K28: =COUNTIF(Связи!$G:$G,A28)+COUNTIF(Навигация!$F:$F,A28) | L28: =IF(D28="Дизайн-система","вне графа",IF(AND(K28=0,OR(D28="Состояние",D28="Служебная")),"демо / вход по событию",IF(K28=0,"⚠ сирота",IF(J28=0,"⚠ тупик","ок"))))
A29: A-05 | B29: A | C29: Диалог отмены | D29: Модалка | E29: Администратор | F29: A-03 | H29: Диалог «Отмена записи» | I29: Совпадает | J29: =COUNTIF(Связи!$C:$C,A29)+IF(G29="",0,COUNTIF(Навигация!$B:$B,G29)) | K29: =COUNTIF(Связи!$G:$G,A29)+COUNTIF(Навигация!$F:$F,A29) | L29: =IF(D29="Дизайн-система","вне графа",IF(AND(K29=0,OR(D29="Состояние",D29="Служебная")),"демо / вход по событию",IF(K29=0,"⚠ сирота",IF(J29=0,"⚠ тупик","ок"))))
A30: A-06 | B30: A | C30: Диалог неявки | D30: Модалка | E30: Администратор | F30: A-03 | H30: Диалог «Неявка клиента» | I30: Совпадает | J30: =COUNTIF(Связи!$C:$C,A30)+IF(G30="",0,COUNTIF(Навигация!$B:$B,G30)) | K30: =COUNTIF(Связи!$G:$G,A30)+COUNTIF(Навигация!$F:$F,A30) | L30: =IF(D30="Дизайн-система","вне графа",IF(AND(K30=0,OR(D30="Состояние",D30="Служебная")),"демо / вход по событию",IF(K30=0,"⚠ сирота",IF(J30=0,"⚠ тупик","ок"))))
A31: A-07 | B31: A | C31: Клиенты (список) | D31: Страница | E31: Администратор | G31: NAV-A | H31: #/staff/admin/clients · «Администратор · Клиенты» | I31: Совпадает | J31: =COUNTIF(Связи!$C:$C,A31)+IF(G31="",0,COUNTIF(Навигация!$B:$B,G31)) | K31: =COUNTIF(Связи!$G:$G,A31)+COUNTIF(Навигация!$F:$F,A31) | L31: =IF(D31="Дизайн-система","вне графа",IF(AND(K31=0,OR(D31="Состояние",D31="Служебная")),"демо / вход по событию",IF(K31=0,"⚠ сирота",IF(J31=0,"⚠ тупик","ок")))) | N31: Поиск, фильтры, сортировка, чекбоксы (массовых действий нет), пагинация
A32: A-08 | B32: A | C32: Быстрый просмотр клиента | D32: Панель | E32: Администратор | F32: A-07 | H32: Панель быстрого просмотра клиента | I32: Совпадает | J32: =COUNTIF(Связи!$C:$C,A32)+IF(G32="",0,COUNTIF(Навигация!$B:$B,G32)) | K32: =COUNTIF(Связи!$G:$G,A32)+COUNTIF(Навигация!$F:$F,A32) | L32: =IF(D32="Дизайн-система","вне графа",IF(AND(K32=0,OR(D32="Состояние",D32="Служебная")),"демо / вход по событию",IF(K32=0,"⚠ сирота",IF(J32=0,"⚠ тупик","ок"))))
A33: A-09 | B33: A | C33: Карточка клиента (полная) | D33: Страница | E33: Администратор | F33: A-07 | G33: NAV-A | H33: #/staff/admin/client/:id · «Администратор · карточка клиента» | I33: Совпадает | J33: =COUNTIF(Связи!$C:$C,A33)+IF(G33="",0,COUNTIF(Навигация!$B:$B,G33)) | K33: =COUNTIF(Связи!$G:$G,A33)+COUNTIF(Навигация!$F:$F,A33) | L33: =IF(D33="Дизайн-система","вне графа",IF(AND(K33=0,OR(D33="Состояние",D33="Служебная")),"демо / вход по событию",IF(K33=0,"⚠ сирота",IF(J33=0,"⚠ тупик","ок")))) | N33: Вкладки: история, предстоящие, заметки, важное. «Написать» нет. «Архивировать» убрана 25.09.2026: архива клиентов нет в паспорте, записи и история не удаляются · 25.09.2026: в истории визитов — «N фото» / «+ Добавить фото» (A-12) · 25.09.2026: предстоящие записи кликабельны и открывают поповер записи A-03
A34: A-11 | B34: A | C34: В чёрный список | D34: Модалка | E34: Администратор | F34: A-09 | H34: Диалог «Добавить в чёрный список» | I34: Совпадает | J34: =COUNTIF(Связи!$C:$C,A34)+IF(G34="",0,COUNTIF(Навигация!$B:$B,G34)) | K34: =COUNTIF(Связи!$G:$G,A34)+COUNTIF(Навигация!$F:$F,A34) | L34: =IF(D34="Дизайн-система","вне графа",IF(AND(K34=0,OR(D34="Состояние",D34="Служебная")),"демо / вход по событию",IF(K34=0,"⚠ сирота",IF(J34=0,"⚠ тупик","ок"))))
A35: A-19 | B35: A | C35: Мастера (список) | D35: Страница | E35: Администратор | G35: NAV-A | H35: #/staff/admin/masters · «Администратор · Мастера» | I35: Совпадает | J35: =COUNTIF(Связи!$C:$C,A35)+IF(G35="",0,COUNTIF(Навигация!$B:$B,G35)) | K35: =COUNTIF(Связи!$G:$G,A35)+COUNTIF(Навигация!$F:$F,A35) | L35: =IF(D35="Дизайн-система","вне графа",IF(AND(K35=0,OR(D35="Состояние",D35="Служебная")),"демо / вход по событию",IF(K35=0,"⚠ сирота",IF(J35=0,"⚠ тупик","ок")))) | N35: Вкладок нет: кнопка «График смен на месяц»
A36: A-20 | B36: A | C36: График смен | D36: Страница | E36: Администратор | F36: A-19 | G36: NAV-A | H36: #/staff/admin/masters/schedule · «Администратор · График смен» | I36: Совпадает | J36: =COUNTIF(Связи!$C:$C,A36)+IF(G36="",0,COUNTIF(Навигация!$B:$B,G36)) | K36: =COUNTIF(Связи!$G:$G,A36)+COUNTIF(Навигация!$F:$F,A36) | L36: =IF(D36="Дизайн-система","вне графа",IF(AND(K36=0,OR(D36="Состояние",D36="Служебная")),"демо / вход по событию",IF(K36=0,"⚠ сирота",IF(J36=0,"⚠ тупик","ок")))) | N36: Клик по ячейке — рабочий день / выходной · 25.09.2026: под сеткой — блок «Особые дни студии» (A-20d), особые дни отмечены рамкой
A37: A-22 | B37: A | C37: Карточка мастера | D37: Страница | E37: Администратор | F37: A-19 | G37: NAV-A | H37: #/staff/admin/masters/:id · «Администратор · карточка мастера» | I37: Совпадает | J37: =COUNTIF(Связи!$C:$C,A37)+IF(G37="",0,COUNTIF(Навигация!$B:$B,G37)) | K37: =COUNTIF(Связи!$G:$G,A37)+COUNTIF(Навигация!$F:$F,A37) | L37: =IF(D37="Дизайн-система","вне графа",IF(AND(K37=0,OR(D37="Состояние",D37="Служебная")),"демо / вход по событию",IF(K37=0,"⚠ сирота",IF(J37=0,"⚠ тупик","ок")))) | N37: Имя, статус, специализация; переключатель уровня «Мастер / Топ-мастер» и цены услуг по уровню (masters.level); рабочие дни и часы; форма «Новый график с даты» (A-22p, master_weekly_hours.valid_from). Обновлено 25.09.2026 при сверке со схемой БД
A38: A-23 | B38: A | C38: Услуги (список) | D38: Страница | E38: Администратор | G38: NAV-A | H38: #/staff/admin/services · «Администратор · Услуги» | I38: Совпадает | J38: =COUNTIF(Связи!$C:$C,A38)+IF(G38="",0,COUNTIF(Навигация!$B:$B,G38)) | K38: =COUNTIF(Связи!$G:$G,A38)+COUNTIF(Навигация!$F:$F,A38) | L38: =IF(D38="Дизайн-система","вне графа",IF(AND(K38=0,OR(D38="Состояние",D38="Служебная")),"демо / вход по событию",IF(K38=0,"⚠ сирота",IF(J38=0,"⚠ тупик","ок")))) | N38: По категориям, «+ Категория», «+ Добавить услугу»
A39: A-24 | B39: A | C39: Форма услуги | D39: Страница | E39: Администратор | F39: A-23 | G39: NAV-A | H39: #/staff/admin/services/form · «Администратор · форма услуги» | I39: Совпадает | J39: =COUNTIF(Связи!$C:$C,A39)+IF(G39="",0,COUNTIF(Навигация!$B:$B,G39)) | K39: =COUNTIF(Связи!$G:$G,A39)+COUNTIF(Навигация!$F:$F,A39) | L39: =IF(D39="Дизайн-система","вне графа",IF(AND(K39=0,OR(D39="Состояние",D39="Служебная")),"демо / вход по событию",IF(K39=0,"⚠ сирота",IF(J39=0,"⚠ тупик","ок")))) | N39: Открывается из списка (строка услуги, «+ Добавить услугу») и по прямому адресу; «Сохранить», «Отмена», «← Услуги» возвращают к списку. Исправлено 25.09.2026 · 25.09.2026: добавлены поля «Уборка после услуги, мин» и «Цена у топ-мастера, ₽» с проверкой «не ниже цены у мастера»
A40: A-S1 | B40: A | C40: Запись изменена другим сотрудником | D40: Состояние | E40: Администратор | F40: A-01 | H40: Галерея состояний · «Конфликт одновременного редактирования» | I40: Совпадает | J40: =COUNTIF(Связи!$C:$C,A40)+IF(G40="",0,COUNTIF(Навигация!$B:$B,G40)) | K40: =COUNTIF(Связи!$G:$G,A40)+COUNTIF(Навигация!$F:$F,A40) | L40: =IF(D40="Дизайн-система","вне графа",IF(AND(K40=0,OR(D40="Состояние",D40="Служебная")),"демо / вход по событию",IF(K40=0,"⚠ сирота",IF(J40=0,"⚠ тупик","ок")))) | N40: Только карточка в галерее A-33
A41: A-S2 | B41: A | C41: Ошибка загрузки расписания | D41: Состояние | E41: Администратор | F41: A-01 | G41: NAV-A | H41: Галерея состояний · «Ошибка загрузки расписания» | I41: Совпадает | J41: =COUNTIF(Связи!$C:$C,A41)+IF(G41="",0,COUNTIF(Навигация!$B:$B,G41)) | K41: =COUNTIF(Связи!$G:$G,A41)+COUNTIF(Навигация!$F:$F,A41) | L41: =IF(D41="Дизайн-система","вне графа",IF(AND(K41=0,OR(D41="Состояние",D41="Служебная")),"демо / вход по событию",IF(K41=0,"⚠ сирота",IF(J41=0,"⚠ тупик","ок")))) | N41: Только карточка в галерее A-33
A42: A-S3 | B42: A | C42: Скелетон загрузки шахматки | D42: Состояние | E42: Администратор | F42: A-01 | G42: NAV-A | H42: Галерея состояний · «Скелетон загрузки шахматки» | I42: Совпадает | J42: =COUNTIF(Связи!$C:$C,A42)+IF(G42="",0,COUNTIF(Навигация!$B:$B,G42)) | K42: =COUNTIF(Связи!$G:$G,A42)+COUNTIF(Навигация!$F:$F,A42) | L42: =IF(D42="Дизайн-система","вне графа",IF(AND(K42=0,OR(D42="Состояние",D42="Служебная")),"демо / вход по событию",IF(K42=0,"⚠ сирота",IF(J42=0,"⚠ тупик","ок")))) | N42: Только карточка в галерее A-33
A43: SYS-01 | B43: SYS | C43: Страница не найдена (404) | D43: Служебная | E43: Все | H43: #/404 · «Страница не найдена» | I43: Совпадает | J43: =COUNTIF(Связи!$C:$C,A43)+IF(G43="",0,COUNTIF(Навигация!$B:$B,G43)) | K43: =COUNTIF(Связи!$G:$G,A43)+COUNTIF(Навигация!$F:$F,A43) | L43: =IF(D43="Дизайн-система","вне графа",IF(AND(K43=0,OR(D43="Состояние",D43="Служебная")),"демо / вход по событию",IF(K43=0,"⚠ сирота",IF(J43=0,"⚠ тупик","ок")))) | N43: Показывается на любой неизвестный адрес
A44: SYS-03 | B44: SYS | C44: Сессия истекла | D44: Служебная | E44: Все | H44: Модалка «Сессия истекла» (BOOK-M3) + карточка в галерее A-33 | I44: Другое название | J44: =COUNTIF(Связи!$C:$C,A44)+IF(G44="",0,COUNTIF(Навигация!$B:$B,G44)) | K44: =COUNTIF(Связи!$G:$G,A44)+COUNTIF(Навигация!$F:$F,A44) | L44: =IF(D44="Дизайн-система","вне графа",IF(AND(K44=0,OR(D44="Состояние",D44="Служебная")),"демо / вход по событию",IF(K44=0,"⚠ сирота",IF(J44=0,"⚠ тупик","ок")))) | N44: Страницы нет: у клиента — модалка входа на BOOK-04, у сотрудника — карточка в галерее
A45: SYS-04 | B45: SYS | C45: Учётная запись заблокирована | D45: Служебная | E45: Сотрудник | H45: Галерея состояний · «Учётная запись заблокирована» | I45: Совпадает | J45: =COUNTIF(Связи!$C:$C,A45)+IF(G45="",0,COUNTIF(Навигация!$B:$B,G45)) | K45: =COUNTIF(Связи!$G:$G,A45)+COUNTIF(Навигация!$F:$F,A45) | L45: =IF(D45="Дизайн-система","вне графа",IF(AND(K45=0,OR(D45="Состояние",D45="Служебная")),"демо / вход по событию",IF(K45=0,"⚠ сирота",IF(J45=0,"⚠ тупик","ок")))) | N45: Только карточка в галерее A-33
A46: DS-01 | B46: DS | C46: Дизайн-система | D46: Дизайн-система | E46: — | H46: Дизайн-система Ноготочки.html | I46: Совпадает | J46: =COUNTIF(Связи!$C:$C,A46)+IF(G46="",0,COUNTIF(Навигация!$B:$B,G46)) | K46: =COUNTIF(Связи!$G:$G,A46)+COUNTIF(Навигация!$F:$F,A46) | L46: =IF(D46="Дизайн-система","вне графа",IF(AND(K46=0,OR(D46="Состояние",D46="Служебная")),"демо / вход по событию",IF(K46=0,"⚠ сирота",IF(J46=0,"⚠ тупик","ок")))) | M46: Вне графа переходов | N46: Плюс блок «Базовые компоненты» внизу служебных экранов прототипа
A47: AUTH-08 | B47: AUTH | C47: Новый пароль (сброс) | D47: Страница | E47: Все | F47: AUTH-06 | H47: #/reset-password · «Сброс пароля» | I47: Совпадает | J47: =COUNTIF(Связи!$C:$C,A47)+IF(G47="",0,COUNTIF(Навигация!$B:$B,G47)) | K47: =COUNTIF(Связи!$G:$G,A47)+COUNTIF(Навигация!$F:$F,A47) | L47: =IF(D47="Дизайн-система","вне графа",IF(AND(K47=0,OR(D47="Состояние",D47="Служебная")),"демо / вход по событию",IF(K47=0,"⚠ сирота",IF(J47=0,"⚠ тупик","ок")))) | M47: Добавлено при сверке с прототипом | N47: После кода из AUTH-02. Состояния: форма, «Пароль изменён», «Ссылка больше не действует» · 25.09.2026: входит в продукт по схеме БД — сброс пароля по одноразовому коду или ссылке (auth_codes, users.password_hash)
A48: BOOK-M2 | B48: BOOK | C48: Бронь времени истекла | D48: Модалка | E48: Клиент | F48: BOOK-04 | H48: Модалка «Время брони истекло» | I48: Совпадает | J48: =COUNTIF(Связи!$C:$C,A48)+IF(G48="",0,COUNTIF(Навигация!$B:$B,G48)) | K48: =COUNTIF(Связи!$G:$G,A48)+COUNTIF(Навигация!$F:$F,A48) | L48: =IF(D48="Дизайн-система","вне графа",IF(AND(K48=0,OR(D48="Состояние",D48="Служебная")),"демо / вход по событию",IF(K48=0,"⚠ сирота",IF(J48=0,"⚠ тупик","ок")))) | M48: Добавлено при сверке с прототипом | N48: Через 10 минут удержания слота · 25.09.2026: входит в продукт по схеме БД — бронь времени на 10 минут (slot_holds)
A49: BOOK-M3 | B49: BOOK | C49: Сессия истекла (вход без потери выбора) | D49: Модалка | E49: Клиент | F49: BOOK-04 | H49: Модалка «Сессия истекла» | I49: Совпадает | J49: =COUNTIF(Связи!$C:$C,A49)+IF(G49="",0,COUNTIF(Навигация!$B:$B,G49)) | K49: =COUNTIF(Связи!$G:$G,A49)+COUNTIF(Навигация!$F:$F,A49) | L49: =IF(D49="Дизайн-система","вне графа",IF(AND(K49=0,OR(D49="Состояние",D49="Служебная")),"демо / вход по событию",IF(K49=0,"⚠ сирота",IF(J49=0,"⚠ тупик","ок")))) | M49: Добавлено при сверке с прототипом | N49: Сценарий «Сессия истекла» в панели разработчика · 25.09.2026: входит в продукт по схеме БД — серверные сессии с истечением (sessions.expires_at)
A50: BOOK-M4 | B50: BOOK | C50: Детали услуги | D50: Модалка | E50: Клиент | F50: BOOK-01 | H50: Модалка деталей услуги | I50: Совпадает | J50: =COUNTIF(Связи!$C:$C,A50)+IF(G50="",0,COUNTIF(Навигация!$B:$B,G50)) | K50: =COUNTIF(Связи!$G:$G,A50)+COUNTIF(Навигация!$F:$F,A50) | L50: =IF(D50="Дизайн-система","вне графа",IF(AND(K50=0,OR(D50="Состояние",D50="Служебная")),"демо / вход по событию",IF(K50=0,"⚠ сирота",IF(J50=0,"⚠ тупик","ок")))) | M50: Добавлено при сверке с прототипом | N50: Клик по карточке услуги · 25.09.2026: входит в продукт по схеме БД — описание, длительность и цена услуги (services)
A51: BOOK-M5 | B51: BOOK | C51: Мастер не выполняет выбранные услуги | D51: Модалка | E51: Клиент | F51: BOOK-01 | H51: Модалка «Мастер … не выполняет …» | I51: Совпадает | J51: =COUNTIF(Связи!$C:$C,A51)+IF(G51="",0,COUNTIF(Навигация!$B:$B,G51)) | K51: =COUNTIF(Связи!$G:$G,A51)+COUNTIF(Навигация!$F:$F,A51) | L51: =IF(D51="Дизайн-система","вне графа",IF(AND(K51=0,OR(D51="Состояние",D51="Служебная")),"демо / вход по событию",IF(K51=0,"⚠ сирота",IF(J51=0,"⚠ тупик","ок")))) | M51: Добавлено при сверке с прототипом | N51: Когда мастер выбран раньше услуг · 25.09.2026: входит в продукт по схеме БД — мастер должен выполнять все услуги визита (master_services)
A52: BOOK-M6 | B52: BOOK | C52: Выйти из записи? | D52: Модалка | E52: Клиент | F52: BOOK-01 | H52: Модалка «Выйти из записи?» | I52: Совпадает | J52: =COUNTIF(Связи!$C:$C,A52)+IF(G52="",0,COUNTIF(Навигация!$B:$B,G52)) | K52: =COUNTIF(Связи!$G:$G,A52)+COUNTIF(Навигация!$F:$F,A52) | L52: =IF(D52="Дизайн-система","вне графа",IF(AND(K52=0,OR(D52="Состояние",D52="Служебная")),"демо / вход по событию",IF(K52=0,"⚠ сирота",IF(J52=0,"⚠ тупик","ок")))) | M52: Добавлено при сверке с прототипом | N52: Логотип в шапке записи или «← Назад» на шаге услуг · 25.09.2026: входит в продукт по схеме БД — при выходе бронь клиента удаляется (slot_holds)
A53: CAB-10 | B53: CAB | C53: Удаление аккаунта | D53: Модалка | E53: Клиент | F53: CAB-07 | H53: Модалка «Удалить аккаунт» | I53: Совпадает | J53: =COUNTIF(Связи!$C:$C,A53)+IF(G53="",0,COUNTIF(Навигация!$B:$B,G53)) | K53: =COUNTIF(Связи!$G:$G,A53)+COUNTIF(Навигация!$F:$F,A53) | L53: =IF(D53="Дизайн-система","вне графа",IF(AND(K53=0,OR(D53="Состояние",D53="Служебная")),"демо / вход по событию",IF(K53=0,"⚠ сирота",IF(J53=0,"⚠ тупик","ок")))) | M53: Добавлено при сверке с прототипом | N53: Подтверждение словом «УДАЛИТЬ» · 25.09.2026: входит в продукт по схеме БД — удаление аккаунта — обезличивание (users.deleted_at), паспорт: функция клиента 9, сценарий 17
A54: A-33 | B54: A | C54: Галерея состояний сотрудников | D54: Служебная | E54: Администратор | H54: #/staff/states-gallery · «Сотрудники · Галерея состояний» | I54: Лишняя в проекте | J54: =COUNTIF(Связи!$C:$C,A54)+IF(G54="",0,COUNTIF(Навигация!$B:$B,G54)) | K54: =COUNTIF(Связи!$G:$G,A54)+COUNTIF(Навигация!$F:$F,A54) | L54: =IF(D54="Дизайн-система","вне графа",IF(AND(K54=0,OR(D54="Состояние",D54="Служебная")),"демо / вход по событию",IF(K54=0,"⚠ сирота",IF(J54=0,"⚠ тупик","ок")))) | M54: Добавлено при сверке с прототипом | N54: Витрина A-S1, A-S2, A-S3, SYS-03, SYS-04 для ревью
A55: SYS-05 | B55: SYS | C55: Технические работы | D55: Служебная | E55: Все | H55: #/maintenance · «Технические работы» | I55: Совпадает | J55: =COUNTIF(Связи!$C:$C,A55)+IF(G55="",0,COUNTIF(Навигация!$B:$B,G55)) | K55: =COUNTIF(Связи!$G:$G,A55)+COUNTIF(Навигация!$F:$F,A55) | L55: =IF(D55="Дизайн-система","вне графа",IF(AND(K55=0,OR(D55="Состояние",D55="Служебная")),"демо / вход по событию",IF(K55=0,"⚠ сирота",IF(J55=0,"⚠ тупик","ок")))) | M55: Добавлено при сверке с прототипом | N55: Телефон студии для записи · 25.09.2026: входит в продукт по схеме БД — режим технических работ (settings.is_maintenance), паспорт: функция администратора 10
A56: SYS-06 | B56: SYS | C56: Корень прототипа #/ | D56: Служебная | E56: Все | H56: #/ · «Домашняя (редирект в зависимости от авторизации)» | I56: Лишняя в проекте | J56: =COUNTIF(Связи!$C:$C,A56)+IF(G56="",0,COUNTIF(Навигация!$B:$B,G56)) | K56: =COUNTIF(Связи!$G:$G,A56)+COUNTIF(Навигация!$F:$F,A56) | L56: =IF(D56="Дизайн-система","вне графа",IF(AND(K56=0,OR(D56="Состояние",D56="Служебная")),"демо / вход по событию",IF(K56=0,"⚠ сирота",IF(J56=0,"⚠ тупик","ок")))) | M56: Добавлено при сверке с прототипом | N56: Редирект: сотрудник → A-01, клиент → CAB-01, гость → лендинг. Исправлено 25.09.2026
A57: SYS-07 | B57: SYS | C57: Панель разработчика и «Карта прототипа» | D57: Служебная | E57: Все | H57: Панель разработчика (шестерёнка) + оверлей «Карта прототипа» | I57: Лишняя в проекте | J57: =COUNTIF(Связи!$C:$C,A57)+IF(G57="",0,COUNTIF(Навигация!$B:$B,G57)) | K57: =COUNTIF(Связи!$G:$G,A57)+COUNTIF(Навигация!$F:$F,A57) | L57: =IF(D57="Дизайн-система","вне графа",IF(AND(K57=0,OR(D57="Состояние",D57="Служебная")),"демо / вход по событию",IF(K57=0,"⚠ сирота",IF(J57=0,"⚠ тупик","ок")))) | M57: Добавлено при сверке с прототипом | N57: Инструмент прототипа, в продукт не входит
A58: A-12 | B58: A | C58: Фото работ визита (загрузка, согласие клиента, публикация в галерее) | D58: Модалка | E58: Администратор | F58: A-09 | H58: Диалог «Фото работ» — из поповера завершённой записи и из истории визитов | I58: Совпадает | J58: =COUNTIF(Связи!$C:$C,A58)+IF(G58="",0,COUNTIF(Навигация!$B:$B,G58)) | K58: =COUNTIF(Связи!$G:$G,A58)+COUNTIF(Навигация!$F:$F,A58) | L58: =IF(D58="Дизайн-система","вне графа",IF(AND(K58=0,OR(D58="Состояние",D58="Служебная")),"демо / вход по событию",IF(K58=0,"⚠ сирота",IF(J58=0,"⚠ тупик","ок")))) | M58: Добавлено 25.09.2026 по схеме БД (work_photos) | N58: Загрузка фото, подпись, отметки «Клиент разрешил публикацию» и «В галерее «Наши работы»». Без согласия опубликовать нельзя. Опубликованные фото — в профиле мастера (PUB-05)
A59: A-20d | B59: A | C59: Особые дни студии (праздники, санитарные, сокращённые и дополнительные рабочие дни) | D59: Панель | E59: Администратор | F59: A-20 | H59: Блок «Особые дни студии» на #/staff/admin/masters/schedule | I59: Совпадает | J59: =COUNTIF(Связи!$C:$C,A59)+IF(G59="",0,COUNTIF(Навигация!$B:$B,G59)) | K59: =COUNTIF(Связи!$G:$G,A59)+COUNTIF(Навигация!$F:$F,A59) | L59: =IF(D59="Дизайн-система","вне графа",IF(AND(K59=0,OR(D59="Состояние",D59="Служебная")),"демо / вход по событию",IF(K59=0,"⚠ сирота",IF(J59=0,"⚠ тупик","ок")))) | M59: Добавлено 25.09.2026 по схеме БД (studio_day_overrides) | N59: Список с «Удалить» и форма «Добавить особый день». До сохранения показывает записи, которые не помещаются в новый режим. В сетке смен особый день отмечен рамкой
A60: A-22p | B60: A | C60: Новый график мастера с даты | D60: Панель | E60: Администратор | F60: A-22 | H60: Форма «Новый график с даты» в карточке мастера | I60: Совпадает | J60: =COUNTIF(Связи!$C:$C,A60)+IF(G60="",0,COUNTIF(Навигация!$B:$B,G60)) | K60: =COUNTIF(Связи!$G:$G,A60)+COUNTIF(Навигация!$F:$F,A60) | L60: =IF(D60="Дизайн-система","вне графа",IF(AND(K60=0,OR(D60="Состояние",D60="Служебная")),"демо / вход по событию",IF(K60=0,"⚠ сирота",IF(J60=0,"⚠ тупик","ок")))) | M60: Добавлено 25.09.2026 по схеме БД (master_weekly_hours.valid_from) | N60: Дата начала, рабочие дни (пн и вс недоступны), часы смены. Показывает записи, которые не попадают в новый график. После сохранения — блок «Новый график с …» и «Отменить изменение»

Sheet Навигация
A1: ID | B1: Набор | C1: Элемент | D1: Пункт | E1: Действие | F1: Куда (ID) | G1: Куда (название) | H1: Где стоит | I1: Примечание | J1: Статус | K1: Факт в прототипе
A2: N-01 | B2: NAV-LAND | C2: Шапка лендинга | D2: Логотип | E2: Якорь | F2: ANCHOR | G2: =IF(F2="","⚠ не определено",IF(F2="ANCHOR","Прокрутка к секции",IF(F2="EXT","Внешняя ссылка",IF(F2="PARENT","Вернуться туда, откуда открыто",IFERROR(INDEX(Реестр!$C:$C,MATCH(F2,Реестр!$A:$A,0)),"⚠ нет в реестре"))))) | H2: PUB-01, PUB-05 | I2: С профиля мастера — переход на PUB-01 | J2: Связано | K2: Лендинг: прокрутка наверх. PUB-05: логотип ведёт на лендинг
A3: N-02 | B3: NAV-LAND | C3: Шапка лендинга | D3: Услуги | E3: Якорь | F3: ANCHOR | G3: =IF(F3="","⚠ не определено",IF(F3="ANCHOR","Прокрутка к секции",IF(F3="EXT","Внешняя ссылка",IF(F3="PARENT","Вернуться туда, откуда открыто",IFERROR(INDEX(Реестр!$C:$C,MATCH(F3,Реестр!$A:$A,0)),"⚠ нет в реестре"))))) | H3: PUB-01, PUB-05 | I3: С PUB-05 — переход на PUB-01 к секции | J3: Связано | K3: Есть на лендинге. На PUB-05 шапки с якорями нет
A4: N-03 | B4: NAV-LAND | C4: Шапка лендинга | D4: Как это работает | E4: Якорь | F4: ANCHOR | G4: =IF(F4="","⚠ не определено",IF(F4="ANCHOR","Прокрутка к секции",IF(F4="EXT","Внешняя ссылка",IF(F4="PARENT","Вернуться туда, откуда открыто",IFERROR(INDEX(Реестр!$C:$C,MATCH(F4,Реестр!$A:$A,0)),"⚠ нет в реестре"))))) | H4: PUB-01, PUB-05 | J4: Связано | K4: Есть на лендинге. На PUB-05 нет
A5: N-04 | B5: NAV-LAND | C5: Шапка лендинга | D5: Мастера | E5: Якорь | F5: ANCHOR | G5: =IF(F5="","⚠ не определено",IF(F5="ANCHOR","Прокрутка к секции",IF(F5="EXT","Внешняя ссылка",IF(F5="PARENT","Вернуться туда, откуда открыто",IFERROR(INDEX(Реестр!$C:$C,MATCH(F5,Реестр!$A:$A,0)),"⚠ нет в реестре"))))) | H5: PUB-01, PUB-05 | J5: Связано | K5: Есть на лендинге. На PUB-05 нет
A6: N-05 | B6: NAV-LAND | C6: Шапка лендинга | D6: Работы | E6: Якорь | F6: ANCHOR | G6: =IF(F6="","⚠ не определено",IF(F6="ANCHOR","Прокрутка к секции",IF(F6="EXT","Внешняя ссылка",IF(F6="PARENT","Вернуться туда, откуда открыто",IFERROR(INDEX(Реестр!$C:$C,MATCH(F6,Реестр!$A:$A,0)),"⚠ нет в реестре"))))) | H6: PUB-01, PUB-05 | J6: Связано | K6: Есть на лендинге. На PUB-05 нет
A7: N-06 | B7: NAV-LAND | C7: Шапка лендинга | D7: Контакты | E7: Якорь | F7: ANCHOR | G7: =IF(F7="","⚠ не определено",IF(F7="ANCHOR","Прокрутка к секции",IF(F7="EXT","Внешняя ссылка",IF(F7="PARENT","Вернуться туда, откуда открыто",IFERROR(INDEX(Реестр!$C:$C,MATCH(F7,Реестр!$A:$A,0)),"⚠ нет в реестре"))))) | H7: PUB-01, PUB-05 | J7: Связано | K7: Есть на лендинге. На PUB-05 нет
A8: N-07 | B8: NAV-LAND | C8: Шапка лендинга | D8: Записаться | E8: Переход | F8: BOOK-01 | G8: =IF(F8="","⚠ не определено",IF(F8="ANCHOR","Прокрутка к секции",IF(F8="EXT","Внешняя ссылка",IF(F8="PARENT","Вернуться туда, откуда открыто",IFERROR(INDEX(Реестр!$C:$C,MATCH(F8,Реестр!$A:$A,0)),"⚠ нет в реестре"))))) | H8: PUB-01, PUB-05 | J8: Нет элемента | K8: В шапке «Записаться» нет. «Записаться онлайн» — в первом экране и финальном призыве
A9: N-08 | B9: NAV-LAND | C9: Шапка лендинга | D9: Войти | E9: Переход | F9: AUTH-01 | G9: =IF(F9="","⚠ не определено",IF(F9="ANCHOR","Прокрутка к секции",IF(F9="EXT","Внешняя ссылка",IF(F9="PARENT","Вернуться туда, откуда открыто",IFERROR(INDEX(Реестр!$C:$C,MATCH(F9,Реестр!$A:$A,0)),"⚠ нет в реестре"))))) | H9: PUB-01, PUB-05 | I9: Для неавторизованного | J9: Связано | K9: «Войти» → #/login
A10: N-09 | B10: NAV-LAND | C10: Меню аккаунта в шапке | D10: Мои записи | E10: Переход | F10: CAB-01 | G10: =IF(F10="","⚠ не определено",IF(F10="ANCHOR","Прокрутка к секции",IF(F10="EXT","Внешняя ссылка",IF(F10="PARENT","Вернуться туда, откуда открыто",IFERROR(INDEX(Реестр!$C:$C,MATCH(F10,Реестр!$A:$A,0)),"⚠ нет в реестре"))))) | H10: PUB-01, PUB-05 | I10: Выпадающее меню авторизованного | J10: Связано | K10: → #/account
A11: N-10 | B11: NAV-LAND | C11: Меню аккаунта в шапке | D11: Профиль | E11: Переход | F11: CAB-07 | G11: =IF(F11="","⚠ не определено",IF(F11="ANCHOR","Прокрутка к секции",IF(F11="EXT","Внешняя ссылка",IF(F11="PARENT","Вернуться туда, откуда открыто",IFERROR(INDEX(Реестр!$C:$C,MATCH(F11,Реестр!$A:$A,0)),"⚠ нет в реестре"))))) | H11: PUB-01, PUB-05 | J11: Связано | K11: → #/account/profile
A12: N-11 | B12: NAV-LAND | C12: Меню аккаунта в шапке | D12: Выйти | E12: Переход | F12: PUB-01 | G12: =IF(F12="","⚠ не определено",IF(F12="ANCHOR","Прокрутка к секции",IF(F12="EXT","Внешняя ссылка",IF(F12="PARENT","Вернуться туда, откуда открыто",IFERROR(INDEX(Реестр!$C:$C,MATCH(F12,Реестр!$A:$A,0)),"⚠ нет в реестре"))))) | H12: PUB-01, PUB-05 | J12: Связано | K12: Разлогинивает и остаётся на лендинге
A13: N-12 | B13: NAV-LAND | C13: Подвал лендинга | D13: Ссылки на секции | E13: Якорь | F13: ANCHOR | G13: =IF(F13="","⚠ не определено",IF(F13="ANCHOR","Прокрутка к секции",IF(F13="EXT","Внешняя ссылка",IF(F13="PARENT","Вернуться туда, откуда открыто",IFERROR(INDEX(Реестр!$C:$C,MATCH(F13,Реестр!$A:$A,0)),"⚠ нет в реестре"))))) | H13: PUB-01, PUB-05 | J13: Связано | K13: Услуги, Мастера, Работы, Контакты
A14: N-13 | B14: NAV-LAND | C14: Подвал лендинга | D14: Телефон, соцсети, карта | E14: Внешняя ссылка | F14: EXT | G14: =IF(F14="","⚠ не определено",IF(F14="ANCHOR","Прокрутка к секции",IF(F14="EXT","Внешняя ссылка",IF(F14="PARENT","Вернуться туда, откуда открыто",IFERROR(INDEX(Реестр!$C:$C,MATCH(F14,Реестр!$A:$A,0)),"⚠ нет в реестре"))))) | H14: PUB-01, PUB-05 | I14: 25.09.2026: данные есть: settings.phone, map_url, vk_url, telegram_url. Нужно сделать ссылки в подвале лендинга | J14: Связано | K14: В подвале: адрес → карта, телефон → tel:, VK и Telegram → ссылки. В секции «Контакты» то же, карта-заглушка стала ссылкой «Открыть на карте». Сделано 25.09.2026
A15: N-14 | B15: NAV-LAND | C15: Подвал лендинга | D15: Вход для сотрудников | E15: Переход | F15: AUTH-04 | G15: =IF(F15="","⚠ не определено",IF(F15="ANCHOR","Прокрутка к секции",IF(F15="EXT","Внешняя ссылка",IF(F15="PARENT","Вернуться туда, откуда открыто",IFERROR(INDEX(Реестр!$C:$C,MATCH(F15,Реестр!$A:$A,0)),"⚠ нет в реестре"))))) | H15: PUB-01 | J15: Связано | K15: Ссылка в подвале лендинга рядом с политикой ПДн. Добавлено 25.09.2026
A16: N-15 | B16: NAV-BOOK | C16: Индикатор шагов | D16: Услуги | E16: Переход | F16: BOOK-01 | G16: =IF(F16="","⚠ не определено",IF(F16="ANCHOR","Прокрутка к секции",IF(F16="EXT","Внешняя ссылка",IF(F16="PARENT","Вернуться туда, откуда открыто",IFERROR(INDEX(Реестр!$C:$C,MATCH(F16,Реестр!$A:$A,0)),"⚠ нет в реестре"))))) | H16: BOOK-01…BOOK-04 | I16: Возврат к пройденному шагу | J16: Связано
A17: N-16 | B17: NAV-BOOK | C17: Индикатор шагов | D17: Мастер | E17: Переход | F17: BOOK-02 | G17: =IF(F17="","⚠ не определено",IF(F17="ANCHOR","Прокрутка к секции",IF(F17="EXT","Внешняя ссылка",IF(F17="PARENT","Вернуться туда, откуда открыто",IFERROR(INDEX(Реестр!$C:$C,MATCH(F17,Реестр!$A:$A,0)),"⚠ нет в реестре"))))) | H17: BOOK-01…BOOK-04 | J17: Связано
A18: N-17 | B18: NAV-BOOK | C18: Индикатор шагов | D18: Время | E18: Переход | F18: BOOK-03 | G18: =IF(F18="","⚠ не определено",IF(F18="ANCHOR","Прокрутка к секции",IF(F18="EXT","Внешняя ссылка",IF(F18="PARENT","Вернуться туда, откуда открыто",IFERROR(INDEX(Реестр!$C:$C,MATCH(F18,Реестр!$A:$A,0)),"⚠ нет в реестре"))))) | H18: BOOK-01…BOOK-04 | J18: Связано
A19: N-18 | B19: NAV-BOOK | C19: Индикатор шагов | D19: Подтверждение | E19: Переход | F19: BOOK-04 | G19: =IF(F19="","⚠ не определено",IF(F19="ANCHOR","Прокрутка к секции",IF(F19="EXT","Внешняя ссылка",IF(F19="PARENT","Вернуться туда, откуда открыто",IFERROR(INDEX(Реестр!$C:$C,MATCH(F19,Реестр!$A:$A,0)),"⚠ нет в реестре"))))) | H19: BOOK-01…BOOK-04 | J19: Нет элемента | K19: Пункт «Подтверждение» некликабельный (последний шаг)
A20: N-19 | B20: NAV-BOOK | C20: Шапка записи | D20: Логотип / выход из записи | E20: Переход | F20: PUB-01 | G20: =IF(F20="","⚠ не определено",IF(F20="ANCHOR","Прокрутка к секции",IF(F20="EXT","Внешняя ссылка",IF(F20="PARENT","Вернуться туда, откуда открыто",IFERROR(INDEX(Реестр!$C:$C,MATCH(F20,Реестр!$A:$A,0)),"⚠ нет в реестре"))))) | H20: BOOK-01…BOOK-04 | J20: Связано | K20: Через модалку «Выйти из записи?» (BOOK-M6) → лендинг
A21: N-20 | B21: NAV-CAB | C21: Меню кабинета | D21: Мои записи | E21: Переход | F21: CAB-01 | G21: =IF(F21="","⚠ не определено",IF(F21="ANCHOR","Прокрутка к секции",IF(F21="EXT","Внешняя ссылка",IF(F21="PARENT","Вернуться туда, откуда открыто",IFERROR(INDEX(Реестр!$C:$C,MATCH(F21,Реестр!$A:$A,0)),"⚠ нет в реестре"))))) | H21: Все страницы CAB с меню | I21: Сайдбар на десктопе, нижняя панель на мобильном | J21: Связано | K21: Сайдбар на десктопе, нижняя панель на мобильном
A22: N-21 | B22: NAV-CAB | C22: Меню кабинета | D22: История | E22: Переход | F22: CAB-02 | G22: =IF(F22="","⚠ не определено",IF(F22="ANCHOR","Прокрутка к секции",IF(F22="EXT","Внешняя ссылка",IF(F22="PARENT","Вернуться туда, откуда открыто",IFERROR(INDEX(Реестр!$C:$C,MATCH(F22,Реестр!$A:$A,0)),"⚠ нет в реестре"))))) | H22: Все страницы CAB с меню | J22: Связано
A23: N-23 | B23: NAV-CAB | C23: Меню кабинета | D23: Профиль | E23: Переход | F23: CAB-07 | G23: =IF(F23="","⚠ не определено",IF(F23="ANCHOR","Прокрутка к секции",IF(F23="EXT","Внешняя ссылка",IF(F23="PARENT","Вернуться туда, откуда открыто",IFERROR(INDEX(Реестр!$C:$C,MATCH(F23,Реестр!$A:$A,0)),"⚠ нет в реестре"))))) | H23: Все страницы CAB с меню | J23: Связано
A24: N-25 | B24: NAV-CAB | C24: Шапка кабинета | D24: Логотип / на лендинг | E24: Переход | F24: PUB-01 | G24: =IF(F24="","⚠ не определено",IF(F24="ANCHOR","Прокрутка к секции",IF(F24="EXT","Внешняя ссылка",IF(F24="PARENT","Вернуться туда, откуда открыто",IFERROR(INDEX(Реестр!$C:$C,MATCH(F24,Реестр!$A:$A,0)),"⚠ нет в реестре"))))) | H24: Все страницы CAB с меню | J24: Нет элемента | K24: Шапки кабинета с логотипом нет
A25: N-26 | B25: NAV-CAB | C25: Шапка кабинета | D25: Записаться | E25: Переход | F25: BOOK-01 | G25: =IF(F25="","⚠ не определено",IF(F25="ANCHOR","Прокрутка к секции",IF(F25="EXT","Внешняя ссылка",IF(F25="PARENT","Вернуться туда, откуда открыто",IFERROR(INDEX(Реестр!$C:$C,MATCH(F25,Реестр!$A:$A,0)),"⚠ нет в реестре"))))) | H25: Все страницы CAB с меню | I25: Сверить наличие | J25: Нет элемента | K25: В шапке нет; кнопка «Новая запись» / «Записаться» — в содержимом CAB-01
A26: N-27 | B26: NAV-CAB | C26: Шапка кабинета | D26: Выйти | E26: Переход | F26: PUB-01 | G26: =IF(F26="","⚠ не определено",IF(F26="ANCHOR","Прокрутка к секции",IF(F26="EXT","Внешняя ссылка",IF(F26="PARENT","Вернуться туда, откуда открыто",IFERROR(INDEX(Реестр!$C:$C,MATCH(F26,Реестр!$A:$A,0)),"⚠ нет в реестре"))))) | H26: Все страницы CAB с меню | J26: Связано | K26: «Выйти» в сайдбаре (на мобильном — в профиле) → лендинг
A27: N-35 | B27: NAV-M | C27: Переключатель ролей | D27: Администратор | E27: Переход | F27: A-01 | G27: =IF(F27="","⚠ не определено",IF(F27="ANCHOR","Прокрутка к секции",IF(F27="EXT","Внешняя ссылка",IF(F27="PARENT","Вернуться туда, откуда открыто",IFERROR(INDEX(Реестр!$C:$C,MATCH(F27,Реестр!$A:$A,0)),"⚠ нет в реестре"))))) | H27: Все страницы M | I27: 25.09.2026: кабинета мастера нет ни в паспорте, ни в схеме БД (у мастеров нет учетных записей) | J27: Не нужно | K27: Кабинета мастера в прототипе нет (по паспорту у мастеров нет кабинета)
A28: N-36 | B28: NAV-M | C28: Переключатель ролей | D28: Выход | E28: Переход | F28: AUTH-04 | G28: =IF(F28="","⚠ не определено",IF(F28="ANCHOR","Прокрутка к секции",IF(F28="EXT","Внешняя ссылка",IF(F28="PARENT","Вернуться туда, откуда открыто",IFERROR(INDEX(Реестр!$C:$C,MATCH(F28,Реестр!$A:$A,0)),"⚠ нет в реестре"))))) | H28: Все страницы M | I28: 25.09.2026: кабинета мастера нет ни в паспорте, ни в схеме БД (у мастеров нет учетных записей) | J28: Не нужно | K28: Кабинета мастера в прототипе нет (по паспорту у мастеров нет кабинета)
A29: N-37 | B29: NAV-A | C29: Боковое меню | D29: Расписание | E29: Переход | F29: A-01 | G29: =IF(F29="","⚠ не определено",IF(F29="ANCHOR","Прокрутка к секции",IF(F29="EXT","Внешняя ссылка",IF(F29="PARENT","Вернуться туда, откуда открыто",IFERROR(INDEX(Реестр!$C:$C,MATCH(F29,Реестр!$A:$A,0)),"⚠ нет в реестре"))))) | H29: Все страницы A с меню | J29: Связано | K29: Иконка «Расписание»
A30: N-38 | B30: NAV-A | C30: Боковое меню | D30: Клиенты | E30: Переход | F30: A-07 | G30: =IF(F30="","⚠ не определено",IF(F30="ANCHOR","Прокрутка к секции",IF(F30="EXT","Внешняя ссылка",IF(F30="PARENT","Вернуться туда, откуда открыто",IFERROR(INDEX(Реестр!$C:$C,MATCH(F30,Реестр!$A:$A,0)),"⚠ нет в реестре"))))) | H30: Все страницы A с меню | J30: Связано | K30: Иконка «Клиенты»
A31: N-41 | B31: NAV-A | C31: Боковое меню | D31: Мастера | E31: Переход | F31: A-19 | G31: =IF(F31="","⚠ не определено",IF(F31="ANCHOR","Прокрутка к секции",IF(F31="EXT","Внешняя ссылка",IF(F31="PARENT","Вернуться туда, откуда открыто",IFERROR(INDEX(Реестр!$C:$C,MATCH(F31,Реестр!$A:$A,0)),"⚠ нет в реестре"))))) | H31: Все страницы A с меню | J31: Связано | K31: Иконка «Мастера»
A32: N-42 | B32: NAV-A | C32: Боковое меню | D32: Услуги | E32: Переход | F32: A-23 | G32: =IF(F32="","⚠ не определено",IF(F32="ANCHOR","Прокрутка к секции",IF(F32="EXT","Внешняя ссылка",IF(F32="PARENT","Вернуться туда, откуда открыто",IFERROR(INDEX(Реестр!$C:$C,MATCH(F32,Реестр!$A:$A,0)),"⚠ нет в реестре"))))) | H32: Все страницы A с меню | J32: Связано | K32: Иконка «Услуги»
A33: N-48 | B33: NAV-A | C33: Шапка администратора | D33: Новая запись | E33: Панель | F33: A-02 | G33: =IF(F33="","⚠ не определено",IF(F33="ANCHOR","Прокрутка к секции",IF(F33="EXT","Внешняя ссылка",IF(F33="PARENT","Вернуться туда, откуда открыто",IFERROR(INDEX(Реестр!$C:$C,MATCH(F33,Реестр!$A:$A,0)),"⚠ нет в реестре"))))) | H33: Все страницы A с меню | J33: Связано | K33: «+ Новая запись» — только в шапке шахматки A-01
A34: N-49 | B34: NAV-A | C34: Шапка администратора | D34: Результат поиска клиента | E34: Панель | F34: A-08 | G34: =IF(F34="","⚠ не определено",IF(F34="ANCHOR","Прокрутка к секции",IF(F34="EXT","Внешняя ссылка",IF(F34="PARENT","Вернуться туда, откуда открыто",IFERROR(INDEX(Реестр!$C:$C,MATCH(F34,Реестр!$A:$A,0)),"⚠ нет в реестре"))))) | H34: Все страницы A с меню | I34: 25.09.2026: данные есть: поиск клиентов по имени и телефону (users). Нужно открыть панель A-08 по результату поиска | J34: Связано | K34: Поиск по имени или телефону показывает список клиентов; клик открывает панель клиента A-08. Сделано 25.09.2026
A35: N-53 | B35: NAV-A | C35: Переключатель ролей | D35: Выход | E35: Переход | F35: AUTH-04 | G35: =IF(F35="","⚠ не определено",IF(F35="ANCHOR","Прокрутка к секции",IF(F35="EXT","Внешняя ссылка",IF(F35="PARENT","Вернуться туда, откуда открыто",IFERROR(INDEX(Реестр!$C:$C,MATCH(F35,Реестр!$A:$A,0)),"⚠ нет в реестре"))))) | H35: Все страницы A с меню | J35: Связано | K35: Меню «Администратор ▾» → «Выход» → #/staff/login (только на A-01)
A36: N-54 | B36: NAV-LAND | C36: Шапка лендинга | D36: Регистрация | E36: Переход | F36: AUTH-03 | G36: =IF(F36="","⚠ не определено",IF(F36="ANCHOR","Прокрутка к секции",IF(F36="EXT","Внешняя ссылка",IF(F36="PARENT","Вернуться туда, откуда открыто",IFERROR(INDEX(Реестр!$C:$C,MATCH(F36,Реестр!$A:$A,0)),"⚠ нет в реестре"))))) | H36: PUB-01 | I36: Для неавторизованного | J36: Связано | K36: Есть в прототипе, не было в карте
A37: N-55 | B37: NAV-BOOK | C37: Шапка записи | D37: ← Назад | E37: Назад | F37: PARENT | G37: =IF(F37="","⚠ не определено",IF(F37="ANCHOR","Прокрутка к секции",IF(F37="EXT","Внешняя ссылка",IF(F37="PARENT","Вернуться туда, откуда открыто",IFERROR(INDEX(Реестр!$C:$C,MATCH(F37,Реестр!$A:$A,0)),"⚠ нет в реестре"))))) | H37: BOOK-01…BOOK-04 | I37: Шаг назад; на шаге услуг — модалка BOOK-M6 | J37: Связано | K37: Есть в прототипе, не было в карте

Sheet Связи
A1: ID | B1: Блок | C1: Откуда (ID) | D1: Откуда (название) | E1: Элемент | F1: Действие | G1: Куда (ID) | H1: Куда (название) | I1: Примечание | J1: Статус | K1: Факт в прототипе
A2: L-001 | B2: PUB | C2: PUB-01 | D2: =IFERROR(INDEX(Реестр!$C:$C,MATCH(C2,Реестр!$A:$A,0)),"⚠ нет в реестре") | E2: Кнопка «Записаться» в первом экране | F2: Переход | G2: BOOK-01 | H2: =IF(G2="ANCHOR","Прокрутка к секции",IF(G2="EXT","Внешняя ссылка",IF(G2="PARENT","Вернуться туда, откуда открыто",IFERROR(INDEX(Реестр!$C:$C,MATCH(G2,Реестр!$A:$A,0)),"⚠ нет в реестре")))) | J2: Связано | K2: «Записаться онлайн»
A3: L-002 | B3: PUB | C3: PUB-01 | D3: =IFERROR(INDEX(Реестр!$C:$C,MATCH(C3,Реестр!$A:$A,0)),"⚠ нет в реестре") | E3: Кнопка «Записаться» в финальном призыве | F3: Переход | G3: BOOK-01 | H3: =IF(G3="ANCHOR","Прокрутка к секции",IF(G3="EXT","Внешняя ссылка",IF(G3="PARENT","Вернуться туда, откуда открыто",IFERROR(INDEX(Реестр!$C:$C,MATCH(G3,Реестр!$A:$A,0)),"⚠ нет в реестре")))) | J3: Связано | K3: «Записаться онлайн»
A4: L-003 | B4: PUB | C4: PUB-01 | D4: =IFERROR(INDEX(Реестр!$C:$C,MATCH(C4,Реестр!$A:$A,0)),"⚠ нет в реестре") | E4: Карточка услуги в секции «Услуги» | F4: Переход | G4: BOOK-01 | H4: =IF(G4="ANCHOR","Прокрутка к секции",IF(G4="EXT","Внешняя ссылка",IF(G4="PARENT","Вернуться туда, откуда открыто",IFERROR(INDEX(Реестр!$C:$C,MATCH(G4,Реестр!$A:$A,0)),"⚠ нет в реестре")))) | I4: Услуга подставлена в корзину визита | J4: Связано | K4: Ссылка на карточке ведёт на BOOK-01, но услуга в корзину НЕ подставляется
A5: L-004 | B5: PUB | C5: PUB-01 | D5: =IFERROR(INDEX(Реестр!$C:$C,MATCH(C5,Реестр!$A:$A,0)),"⚠ нет в реестре") | E5: Карточка мастера в секции «Мастера» | F5: Переход | G5: PUB-05 | H5: =IF(G5="ANCHOR","Прокрутка к секции",IF(G5="EXT","Внешняя ссылка",IF(G5="PARENT","Вернуться туда, откуда открыто",IFERROR(INDEX(Реестр!$C:$C,MATCH(G5,Реестр!$A:$A,0)),"⚠ нет в реестре")))) | J5: Связано | K5: Фото и имя мастера
A6: L-005 | B6: PUB | C6: PUB-01 | D6: =IFERROR(INDEX(Реестр!$C:$C,MATCH(C6,Реестр!$A:$A,0)),"⚠ нет в реестре") | E6: Работа в секции «Работы» | F6: Переход | G6: PUB-05 | H6: =IF(G6="ANCHOR","Прокрутка к секции",IF(G6="EXT","Внешняя ссылка",IF(G6="PARENT","Вернуться туда, откуда открыто",IFERROR(INDEX(Реестр!$C:$C,MATCH(G6,Реестр!$A:$A,0)),"⚠ нет в реестре")))) | I6: Если работа подписана мастером · 25.09.2026: данные для перехода есть: фото → мастер (work_photos.master_id или через booking_item_id → bookings.master_id). Нужно сделать работы кликабельными в прототипе | J6: Связано | K6: Работа в галерее «Наши работы» открывает профиль мастера (#/masters/:id); подпись «Мастер →» на карточке. «Смотреть все работы» заменено на «Работы каждого мастера — в его профиле» (→ #masters). Сделано 25.09.2026
A7: L-006 | B7: PUB | C7: PUB-01 | D7: =IFERROR(INDEX(Реестр!$C:$C,MATCH(C7,Реестр!$A:$A,0)),"⚠ нет в реестре") | E7: Контакты: телефон, карта, соцсети | F7: Внешняя ссылка | G7: EXT | H7: =IF(G7="ANCHOR","Прокрутка к секции",IF(G7="EXT","Внешняя ссылка",IF(G7="PARENT","Вернуться туда, откуда открыто",IFERROR(INDEX(Реестр!$C:$C,MATCH(G7,Реестр!$A:$A,0)),"⚠ нет в реестре")))) | J7: Связано | K7: Только «Позвонить» (tel:). Карта и VK/Telegram — текст
A8: L-007 | B8: PUB | C8: PUB-05 | D8: =IFERROR(INDEX(Реестр!$C:$C,MATCH(C8,Реестр!$A:$A,0)),"⚠ нет в реестре") | E8: Кнопка «Записаться к мастеру» | F8: Переход | G8: BOOK-01 | H8: =IF(G8="ANCHOR","Прокрутка к секции",IF(G8="EXT","Внешняя ссылка",IF(G8="PARENT","Вернуться туда, откуда открыто",IFERROR(INDEX(Реестр!$C:$C,MATCH(G8,Реестр!$A:$A,0)),"⚠ нет в реестре")))) | I8: Мастер уже выбран на шаге услуг | J8: Связано | K8: «Записаться»: без выбранных услуг → BOOK-01 с закреплённым мастером; если услуги уже выбраны → BOOK-03
A9: L-008 | B9: PUB | C9: PUB-05 | D9: =IFERROR(INDEX(Реестр!$C:$C,MATCH(C9,Реестр!$A:$A,0)),"⚠ нет в реестре") | E9: «Все мастера» / назад на лендинг | F9: Назад | G9: PUB-01 | H9: =IF(G9="ANCHOR","Прокрутка к секции",IF(G9="EXT","Внешняя ссылка",IF(G9="PARENT","Вернуться туда, откуда открыто",IFERROR(INDEX(Реестр!$C:$C,MATCH(G9,Реестр!$A:$A,0)),"⚠ нет в реестре")))) | I9: К секции «Мастера» | J9: Связано | K9: «← Назад»: на лендинг, а если пришли с шага «Мастер» — обратно на BOOK-02
A10: L-009 | B10: AUTH | C10: AUTH-01 | D10: =IFERROR(INDEX(Реестр!$C:$C,MATCH(C10,Реестр!$A:$A,0)),"⚠ нет в реестре") | E10: Ссылка «Войти по коду из SMS» | F10: Переход | G10: AUTH-02 | H10: =IF(G10="ANCHOR","Прокрутка к секции",IF(G10="EXT","Внешняя ссылка",IF(G10="PARENT","Вернуться туда, откуда открыто",IFERROR(INDEX(Реестр!$C:$C,MATCH(G10,Реестр!$A:$A,0)),"⚠ нет в реестре")))) | I10: Основной вход — по паролю (L-212) | J10: Связано | K10: Переписано под прототип 25.09.2026
A11: L-010 | B11: AUTH | C11: AUTH-01 | D11: =IFERROR(INDEX(Реестр!$C:$C,MATCH(C11,Реестр!$A:$A,0)),"⚠ нет в реестре") | E11: «Назад» / крестик | F11: Назад | G11: PUB-01 | H11: =IF(G11="ANCHOR","Прокрутка к секции",IF(G11="EXT","Внешняя ссылка",IF(G11="PARENT","Вернуться туда, откуда открыто",IFERROR(INDEX(Реестр!$C:$C,MATCH(G11,Реестр!$A:$A,0)),"⚠ нет в реестре")))) | J11: Нет элемента | K11: На экране входа нет «Назад» и логотипа
A12: L-011 | B12: AUTH | C12: AUTH-02 | D12: =IFERROR(INDEX(Реестр!$C:$C,MATCH(C12,Реестр!$A:$A,0)),"⚠ нет в реестре") | E12: Кнопка «Подтвердить» — клиент пришёл из записи | F12: Переход | G12: BOOK-04 | H12: =IF(G12="ANCHOR","Прокрутка к секции",IF(G12="EXT","Внешняя ссылка",IF(G12="PARENT","Вернуться туда, откуда открыто",IFERROR(INDEX(Реестр!$C:$C,MATCH(G12,Реестр!$A:$A,0)),"⚠ нет в реестре")))) | I12: Условный переход: выбрать демо-ветку | J12: Связано | K12: Кнопки нет — проверка после ввода 4 цифр. Если есть черновик записи → BOOK-04
A13: L-012 | B13: AUTH | C13: AUTH-02 | D13: =IFERROR(INDEX(Реестр!$C:$C,MATCH(C13,Реестр!$A:$A,0)),"⚠ нет в реестре") | E13: Верный код после регистрации | F13: Переход | G13: CAB-01 | H13: =IF(G13="ANCHOR","Прокрутка к секции",IF(G13="EXT","Внешняя ссылка",IF(G13="PARENT","Вернуться туда, откуда открыто",IFERROR(INDEX(Реестр!$C:$C,MATCH(G13,Реестр!$A:$A,0)),"⚠ нет в реестре")))) | I13: Если есть черновик записи — BOOK-04 (L-011) | J13: Связано | K13: Переписано под прототип 25.09.2026
A14: L-013 | B14: AUTH | C14: AUTH-02 | D14: =IFERROR(INDEX(Реестр!$C:$C,MATCH(C14,Реестр!$A:$A,0)),"⚠ нет в реестре") | E14: Ссылка «Изменить номер» | F14: Назад | G14: AUTH-01 | H14: =IF(G14="ANCHOR","Прокрутка к секции",IF(G14="EXT","Внешняя ссылка",IF(G14="PARENT","Вернуться туда, откуда открыто",IFERROR(INDEX(Реестр!$C:$C,MATCH(G14,Реестр!$A:$A,0)),"⚠ нет в реестре")))) | J14: Связано | K14: Возвращает на экран, с которого пришли (вход, регистрация, вход сотрудника, восстановление)
A15: L-014 | B15: AUTH | C15: AUTH-03 | D15: =IFERROR(INDEX(Реестр!$C:$C,MATCH(C15,Реестр!$A:$A,0)),"⚠ нет в реестре") | E15: Кнопка «Зарегистрироваться» | F15: Переход | G15: AUTH-02 | H15: =IF(G15="ANCHOR","Прокрутка к секции",IF(G15="EXT","Внешняя ссылка",IF(G15="PARENT","Вернуться туда, откуда открыто",IFERROR(INDEX(Реестр!$C:$C,MATCH(G15,Реестр!$A:$A,0)),"⚠ нет в реестре")))) | I15: Регистрация до кода: имя, телефон, e-mail, пароль, согласие на обработку ПДн | J15: Связано | K15: Переписано под прототип 25.09.2026 (заменяет L-214)
A16: L-017 | B16: AUTH | C16: AUTH-04 | D16: =IFERROR(INDEX(Реестр!$C:$C,MATCH(C16,Реестр!$A:$A,0)),"⚠ нет в реестре") | E16: Кнопка «Войти» — только администратор | F16: Переход | G16: A-01 | H16: =IF(G16="ANCHOR","Прокрутка к секции",IF(G16="EXT","Внешняя ссылка",IF(G16="PARENT","Вернуться туда, откуда открыто",IFERROR(INDEX(Реестр!$C:$C,MATCH(G16,Реестр!$A:$A,0)),"⚠ нет в реестре")))) | I16: Условный переход | J16: Связано | K16: Тест: +7 (999) 000-11-22 / Admin1234
A17: L-018 | B17: AUTH | C17: AUTH-04 | D17: =IFERROR(INDEX(Реестр!$C:$C,MATCH(C17,Реестр!$A:$A,0)),"⚠ нет в реестре") | E17: Ссылка «Забыли пароль» | F17: Переход | G17: AUTH-06 | H17: =IF(G17="ANCHOR","Прокрутка к секции",IF(G17="EXT","Внешняя ссылка",IF(G17="PARENT","Вернуться туда, откуда открыто",IFERROR(INDEX(Реестр!$C:$C,MATCH(G17,Реестр!$A:$A,0)),"⚠ нет в реестре")))) | J17: Связано
A18: L-022 | B18: AUTH | C18: AUTH-06 | D18: =IFERROR(INDEX(Реестр!$C:$C,MATCH(C18,Реестр!$A:$A,0)),"⚠ нет в реестре") | E18: Кнопка «Отправить» → «Ввести код» | F18: Переход | G18: AUTH-02 | H18: =IF(G18="ANCHOR","Прокрутка к секции",IF(G18="EXT","Внешняя ссылка",IF(G18="PARENT","Вернуться туда, откуда открыто",IFERROR(INDEX(Реестр!$C:$C,MATCH(G18,Реестр!$A:$A,0)),"⚠ нет в реестре")))) | I18: После «Отправить» на том же экране — «Проверьте телефон или почту»; дальше AUTH-02 → AUTH-08 (L-217) | J18: Связано | K18: Переписано под прототип 25.09.2026 (заменяет L-218)
A19: L-023 | B19: AUTH | C19: AUTH-06 | D19: =IFERROR(INDEX(Реестр!$C:$C,MATCH(C19,Реестр!$A:$A,0)),"⚠ нет в реестре") | E19: «Назад ко входу» | F19: Назад | G19: AUTH-04 | H19: =IF(G19="ANCHOR","Прокрутка к секции",IF(G19="EXT","Внешняя ссылка",IF(G19="PARENT","Вернуться туда, откуда открыто",IFERROR(INDEX(Реестр!$C:$C,MATCH(G19,Реестр!$A:$A,0)),"⚠ нет в реестре")))) | J19: Связано | K19: «Вернуться ко входу» → AUTH-01 или AUTH-04, откуда пришли
A20: L-026 | B20: BOOK | C20: BOOK-01 | D20: =IFERROR(INDEX(Реестр!$C:$C,MATCH(C20,Реестр!$A:$A,0)),"⚠ нет в реестре") | E20: Карточка услуги (добавить в корзину визита) | F20: Переход | G20: BOOK-01 | H20: =IF(G20="ANCHOR","Прокрутка к секции",IF(G20="EXT","Внешняя ссылка",IF(G20="PARENT","Вернуться туда, откуда открыто",IFERROR(INDEX(Реестр!$C:$C,MATCH(G20,Реестр!$A:$A,0)),"⚠ нет в реестре")))) | I20: Выбор без ухода со страницы, мультивыбор | J20: Связано | K20: Кнопка «Добавить» на карточке; клик по карточке открывает детали BOOK-M4
A21: L-027 | B21: BOOK | C21: BOOK-01 | D21: =IFERROR(INDEX(Реестр!$C:$C,MATCH(C21,Реестр!$A:$A,0)),"⚠ нет в реестре") | E21: Кнопка «Далее» | F21: Переход | G21: BOOK-02 | H21: =IF(G21="ANCHOR","Прокрутка к секции",IF(G21="EXT","Внешняя ссылка",IF(G21="PARENT","Вернуться туда, откуда открыто",IFERROR(INDEX(Реестр!$C:$C,MATCH(G21,Реестр!$A:$A,0)),"⚠ нет в реестре")))) | J21: Связано | K21: Кнопка в плашке корзины
A22: L-028 | B22: BOOK | C22: BOOK-01 | D22: =IFERROR(INDEX(Реестр!$C:$C,MATCH(C22,Реестр!$A:$A,0)),"⚠ нет в реестре") | E22: Кнопка «Далее» при входе из профиля мастера | F22: Переход | G22: BOOK-03 | H22: =IF(G22="ANCHOR","Прокрутка к секции",IF(G22="EXT","Внешняя ссылка",IF(G22="PARENT","Вернуться туда, откуда открыто",IFERROR(INDEX(Реестр!$C:$C,MATCH(G22,Реестр!$A:$A,0)),"⚠ нет в реестре")))) | I22: Мастер уже выбран, шаг 2 пропускается. Условный переход | J22: Связано | K22: Реализовано: при закреплённом мастере кнопка ведёт сразу на BOOK-03
A23: L-029 | B23: BOOK | C23: BOOK-02 | D23: =IFERROR(INDEX(Реестр!$C:$C,MATCH(C23,Реестр!$A:$A,0)),"⚠ нет в реестре") | E23: Карточка мастера | F23: Переход | G23: BOOK-03 | H23: =IF(G23="ANCHOR","Прокрутка к секции",IF(G23="EXT","Внешняя ссылка",IF(G23="PARENT","Вернуться туда, откуда открыто",IFERROR(INDEX(Реестр!$C:$C,MATCH(G23,Реестр!$A:$A,0)),"⚠ нет в реестре")))) | J23: Связано
A24: L-030 | B24: BOOK | C24: BOOK-02 | D24: =IFERROR(INDEX(Реестр!$C:$C,MATCH(C24,Реестр!$A:$A,0)),"⚠ нет в реестре") | E24: Вариант «Любой мастер» | F24: Переход | G24: BOOK-03 | H24: =IF(G24="ANCHOR","Прокрутка к секции",IF(G24="EXT","Внешняя ссылка",IF(G24="PARENT","Вернуться туда, откуда открыто",IFERROR(INDEX(Реестр!$C:$C,MATCH(G24,Реестр!$A:$A,0)),"⚠ нет в реестре")))) | J24: Связано | K24: «Любой свободный мастер»
A25: L-031 | B25: BOOK | C25: BOOK-02 | D25: =IFERROR(INDEX(Реестр!$C:$C,MATCH(C25,Реестр!$A:$A,0)),"⚠ нет в реестре") | E25: «Назад» | F25: Назад | G25: BOOK-01 | H25: =IF(G25="ANCHOR","Прокрутка к секции",IF(G25="EXT","Внешняя ссылка",IF(G25="PARENT","Вернуться туда, откуда открыто",IFERROR(INDEX(Реестр!$C:$C,MATCH(G25,Реестр!$A:$A,0)),"⚠ нет в реестре")))) | J25: Связано | K25: «← Назад» в шапке записи
A26: L-032 | B26: BOOK | C26: BOOK-03 | D26: =IFERROR(INDEX(Реестр!$C:$C,MATCH(C26,Реестр!$A:$A,0)),"⚠ нет в реестре") | E26: Свободный слот времени | F26: Переход | G26: BOOK-04 | H26: =IF(G26="ANCHOR","Прокрутка к секции",IF(G26="EXT","Внешняя ссылка",IF(G26="PARENT","Вернуться туда, откуда открыто",IFERROR(INDEX(Реестр!$C:$C,MATCH(G26,Реестр!$A:$A,0)),"⚠ нет в реестре")))) | J26: Связано | K26: Слот выбирается, переход — кнопкой «Продолжить». Без авторизации → AUTH-01
A27: L-034 | B27: BOOK | C27: BOOK-04 | D27: =IFERROR(INDEX(Реестр!$C:$C,MATCH(C27,Реестр!$A:$A,0)),"⚠ нет в реестре") | E27: Кнопка «Записаться», если время уже заняли | F27: Модалка | G27: BOOK-M1 | H27: =IF(G27="ANCHOR","Прокрутка к секции",IF(G27="EXT","Внешняя ссылка",IF(G27="PARENT","Вернуться туда, откуда открыто",IFERROR(INDEX(Реестр!$C:$C,MATCH(G27,Реестр!$A:$A,0)),"⚠ нет в реестре")))) | I27: Сценарий «Слот заняли» в панели разработчика. На BOOK-03 показываются только свободные слоты | J27: Связано | K27: Переписано под прототип 25.09.2026
A28: L-035 | B28: BOOK | C28: BOOK-03 | D28: =IFERROR(INDEX(Реестр!$C:$C,MATCH(C28,Реестр!$A:$A,0)),"⚠ нет в реестре") | E28: «Назад» | F28: Назад | G28: BOOK-02 | H28: =IF(G28="ANCHOR","Прокрутка к секции",IF(G28="EXT","Внешняя ссылка",IF(G28="PARENT","Вернуться туда, откуда открыто",IFERROR(INDEX(Реестр!$C:$C,MATCH(G28,Реестр!$A:$A,0)),"⚠ нет в реестре")))) | J28: Связано | K28: «← Назад» в шапке записи
A29: L-038 | B29: BOOK | C29: BOOK-M1 | D29: =IFERROR(INDEX(Реестр!$C:$C,MATCH(C29,Реестр!$A:$A,0)),"⚠ нет в реестре") | E29: Кнопка «Выбрать другое время» | F29: Закрыть оверлей | G29: BOOK-03 | H29: =IF(G29="ANCHOR","Прокрутка к секции",IF(G29="EXT","Внешняя ссылка",IF(G29="PARENT","Вернуться туда, откуда открыто",IFERROR(INDEX(Реестр!$C:$C,MATCH(G29,Реестр!$A:$A,0)),"⚠ нет в реестре")))) | J29: Связано | K29: Плюс чипсы альтернативного времени
A30: L-040 | B30: BOOK | C30: BOOK-03 | D30: =IFERROR(INDEX(Реестр!$C:$C,MATCH(C30,Реестр!$A:$A,0)),"⚠ нет в реестре") | E30: Кнопка «Продолжить» без авторизации | F30: Переход | G30: AUTH-01 | H30: =IF(G30="ANCHOR","Прокрутка к секции",IF(G30="EXT","Внешняя ссылка",IF(G30="PARENT","Вернуться туда, откуда открыто",IFERROR(INDEX(Реестр!$C:$C,MATCH(G30,Реестр!$A:$A,0)),"⚠ нет в реестре")))) | I30: После входа — сразу BOOK-04 | J30: Связано | K30: Переписано под прототип 25.09.2026 (заменяет L-230)
A31: L-041 | B31: BOOK | C31: BOOK-04 | D31: =IFERROR(INDEX(Реестр!$C:$C,MATCH(C31,Реестр!$A:$A,0)),"⚠ нет в реестре") | E31: Кнопка «Записаться» | F31: Переход | G31: BOOK-05 | H31: =IF(G31="ANCHOR","Прокрутка к секции",IF(G31="EXT","Внешняя ссылка",IF(G31="PARENT","Вернуться туда, откуда открыто",IFERROR(INDEX(Реестр!$C:$C,MATCH(G31,Реестр!$A:$A,0)),"⚠ нет в реестре")))) | J31: Связано
A32: L-042 | B32: BOOK | C32: BOOK-04 | D32: =IFERROR(INDEX(Реестр!$C:$C,MATCH(C32,Реестр!$A:$A,0)),"⚠ нет в реестре") | E32: Ошибка при отправке (демо) | F32: Переход | G32: BOOK-06 | H32: =IF(G32="ANCHOR","Прокрутка к секции",IF(G32="EXT","Внешняя ссылка",IF(G32="PARENT","Вернуться туда, откуда открыто",IFERROR(INDEX(Реестр!$C:$C,MATCH(G32,Реестр!$A:$A,0)),"⚠ нет в реестре")))) | I32: Условный переход | J32: Связано | K32: Сценарий «Ошибка сервера» в панели разработчика
A33: L-043 | B33: BOOK | C33: BOOK-04 | D33: =IFERROR(INDEX(Реестр!$C:$C,MATCH(C33,Реестр!$A:$A,0)),"⚠ нет в реестре") | E33: «Изменить» у услуг | F33: Переход | G33: BOOK-01 | H33: =IF(G33="ANCHOR","Прокрутка к секции",IF(G33="EXT","Внешняя ссылка",IF(G33="PARENT","Вернуться туда, откуда открыто",IFERROR(INDEX(Реестр!$C:$C,MATCH(G33,Реестр!$A:$A,0)),"⚠ нет в реестре")))) | J33: Связано
A34: L-044 | B34: BOOK | C34: BOOK-04 | D34: =IFERROR(INDEX(Реестр!$C:$C,MATCH(C34,Реестр!$A:$A,0)),"⚠ нет в реестре") | E34: «Изменить» у мастера | F34: Переход | G34: BOOK-02 | H34: =IF(G34="ANCHOR","Прокрутка к секции",IF(G34="EXT","Внешняя ссылка",IF(G34="PARENT","Вернуться туда, откуда открыто",IFERROR(INDEX(Реестр!$C:$C,MATCH(G34,Реестр!$A:$A,0)),"⚠ нет в реестре")))) | J34: Связано
A35: L-045 | B35: BOOK | C35: BOOK-04 | D35: =IFERROR(INDEX(Реестр!$C:$C,MATCH(C35,Реестр!$A:$A,0)),"⚠ нет в реестре") | E35: «Изменить» у времени | F35: Переход | G35: BOOK-03 | H35: =IF(G35="ANCHOR","Прокрутка к секции",IF(G35="EXT","Внешняя ссылка",IF(G35="PARENT","Вернуться туда, откуда открыто",IFERROR(INDEX(Реестр!$C:$C,MATCH(G35,Реестр!$A:$A,0)),"⚠ нет в реестре")))) | J35: Связано
A36: L-046 | B36: BOOK | C36: BOOK-04 | D36: =IFERROR(INDEX(Реестр!$C:$C,MATCH(C36,Реестр!$A:$A,0)),"⚠ нет в реестре") | E36: «Назад» | F36: Назад | G36: BOOK-03 | H36: =IF(G36="ANCHOR","Прокрутка к секции",IF(G36="EXT","Внешняя ссылка",IF(G36="PARENT","Вернуться туда, откуда открыто",IFERROR(INDEX(Реестр!$C:$C,MATCH(G36,Реестр!$A:$A,0)),"⚠ нет в реестре")))) | J36: Связано | K36: «← Назад» в шапке записи
A37: L-047 | B37: BOOK | C37: BOOK-05 | D37: =IFERROR(INDEX(Реестр!$C:$C,MATCH(C37,Реестр!$A:$A,0)),"⚠ нет в реестре") | E37: Кнопка «Мои записи» | F37: Переход | G37: CAB-01 | H37: =IF(G37="ANCHOR","Прокрутка к секции",IF(G37="EXT","Внешняя ссылка",IF(G37="PARENT","Вернуться туда, откуда открыто",IFERROR(INDEX(Реестр!$C:$C,MATCH(G37,Реестр!$A:$A,0)),"⚠ нет в реестре")))) | J37: Связано
A38: L-048 | B38: BOOK | C38: BOOK-05 | D38: =IFERROR(INDEX(Реестр!$C:$C,MATCH(C38,Реестр!$A:$A,0)),"⚠ нет в реестре") | E38: Кнопка «На главную» | F38: Переход | G38: PUB-01 | H38: =IF(G38="ANCHOR","Прокрутка к секции",IF(G38="EXT","Внешняя ссылка",IF(G38="PARENT","Вернуться туда, откуда открыто",IFERROR(INDEX(Реестр!$C:$C,MATCH(G38,Реестр!$A:$A,0)),"⚠ нет в реестре")))) | J38: Нет элемента | K38: Нет. Есть «Записаться ещё» (→ BOOK-01), «Добавить в календарь», «Как добраться»
A39: L-049 | B39: BOOK | C39: BOOK-06 | D39: =IFERROR(INDEX(Реестр!$C:$C,MATCH(C39,Реестр!$A:$A,0)),"⚠ нет в реестре") | E39: Кнопка «Попробовать снова» | F39: Назад | G39: BOOK-04 | H39: =IF(G39="ANCHOR","Прокрутка к секции",IF(G39="EXT","Внешняя ссылка",IF(G39="PARENT","Вернуться туда, откуда открыто",IFERROR(INDEX(Реестр!$C:$C,MATCH(G39,Реестр!$A:$A,0)),"⚠ нет в реестре")))) | J39: Связано | K39: «Повторить»
A40: L-050 | B40: BOOK | C40: BOOK-06 | D40: =IFERROR(INDEX(Реестр!$C:$C,MATCH(C40,Реестр!$A:$A,0)),"⚠ нет в реестре") | E40: Кнопка «На главную» | F40: Переход | G40: PUB-01 | H40: =IF(G40="ANCHOR","Прокрутка к секции",IF(G40="EXT","Внешняя ссылка",IF(G40="PARENT","Вернуться туда, откуда открыто",IFERROR(INDEX(Реестр!$C:$C,MATCH(G40,Реестр!$A:$A,0)),"⚠ нет в реестре")))) | J40: Нет элемента | K40: Нет. Есть «Позвонить в салон»
A41: L-051 | B41: CAB | C41: CAB-01 | D41: =IFERROR(INDEX(Реестр!$C:$C,MATCH(C41,Реестр!$A:$A,0)),"⚠ нет в реестре") | E41: Карточка записи | F41: Переход | G41: CAB-03 | H41: =IF(G41="ANCHOR","Прокрутка к секции",IF(G41="EXT","Внешняя ссылка",IF(G41="PARENT","Вернуться туда, откуда открыто",IFERROR(INDEX(Реестр!$C:$C,MATCH(G41,Реестр!$A:$A,0)),"⚠ нет в реестре")))) | J41: Связано | K41: «Подробнее» у ближайшей записи и строки остальных
A42: L-052 | B42: CAB | C42: CAB-01 | D42: =IFERROR(INDEX(Реестр!$C:$C,MATCH(C42,Реестр!$A:$A,0)),"⚠ нет в реестре") | E42: Кнопка «Записаться» (в пустом списке) | F42: Переход | G42: BOOK-01 | H42: =IF(G42="ANCHOR","Прокрутка к секции",IF(G42="EXT","Внешняя ссылка",IF(G42="PARENT","Вернуться туда, откуда открыто",IFERROR(INDEX(Реестр!$C:$C,MATCH(G42,Реестр!$A:$A,0)),"⚠ нет в реестре")))) | J42: Связано | K42: «Записаться» в пустом списке, «Новая запись» при наличии записей
A43: L-053 | B43: CAB | C43: CAB-02 | D43: =IFERROR(INDEX(Реестр!$C:$C,MATCH(C43,Реестр!$A:$A,0)),"⚠ нет в реестре") | E43: Карточка прошедшего визита | F43: Переход | G43: CAB-03 | H43: =IF(G43="ANCHOR","Прокрутка к секции",IF(G43="EXT","Внешняя ссылка",IF(G43="PARENT","Вернуться туда, откуда открыто",IFERROR(INDEX(Реестр!$C:$C,MATCH(G43,Реестр!$A:$A,0)),"⚠ нет в реестре")))) | J43: Связано | K43: «Подробнее»
A44: L-055 | B44: CAB | C44: CAB-02 | D44: =IFERROR(INDEX(Реестр!$C:$C,MATCH(C44,Реестр!$A:$A,0)),"⚠ нет в реестре") | E44: Кнопка «Записаться снова» | F44: Переход | G44: BOOK-01 | H44: =IF(G44="ANCHOR","Прокрутка к секции",IF(G44="EXT","Внешняя ссылка",IF(G44="PARENT","Вернуться туда, откуда открыто",IFERROR(INDEX(Реестр!$C:$C,MATCH(G44,Реестр!$A:$A,0)),"⚠ нет в реестре")))) | I44: Услуги и мастер подставлены | J44: Связано | K44: «Повторить» → BOOK-03 (услуга и мастер подставлены, шаги 1–2 пропускаются)
A45: L-056 | B45: CAB | C45: CAB-03 | D45: =IFERROR(INDEX(Реестр!$C:$C,MATCH(C45,Реестр!$A:$A,0)),"⚠ нет в реестре") | E45: Кнопка «Перенести» | F45: Переход | G45: CAB-04 | H45: =IF(G45="ANCHOR","Прокрутка к секции",IF(G45="EXT","Внешняя ссылка",IF(G45="PARENT","Вернуться туда, откуда открыто",IFERROR(INDEX(Реестр!$C:$C,MATCH(G45,Реестр!$A:$A,0)),"⚠ нет в реестре")))) | J45: Связано
A46: L-057 | B46: CAB | C46: CAB-03 | D46: =IFERROR(INDEX(Реестр!$C:$C,MATCH(C46,Реестр!$A:$A,0)),"⚠ нет в реестре") | E46: Кнопка «Отменить» | F46: Модалка | G46: CAB-05 | H46: =IF(G46="ANCHOR","Прокрутка к секции",IF(G46="EXT","Внешняя ссылка",IF(G46="PARENT","Вернуться туда, откуда открыто",IFERROR(INDEX(Реестр!$C:$C,MATCH(G46,Реестр!$A:$A,0)),"⚠ нет в реестре")))) | J46: Связано
A47: L-058 | B47: CAB | C47: CAB-03 | D47: =IFERROR(INDEX(Реестр!$C:$C,MATCH(C47,Реестр!$A:$A,0)),"⚠ нет в реестре") | E47: Имя мастера | F47: Переход | G47: PUB-05 | H47: =IF(G47="ANCHOR","Прокрутка к секции",IF(G47="EXT","Внешняя ссылка",IF(G47="PARENT","Вернуться туда, откуда открыто",IFERROR(INDEX(Реестр!$C:$C,MATCH(G47,Реестр!$A:$A,0)),"⚠ нет в реестре")))) | I47: 25.09.2026: данные есть: bookings.master_id → masters. Нужно сделать имя мастера ссылкой в прототипе | J47: Связано | K47: Имя мастера в карточке записи — ссылка на #/masters/:id. Сделано 25.09.2026
A48: L-059 | B48: CAB | C48: CAB-03 | D48: =IFERROR(INDEX(Реестр!$C:$C,MATCH(C48,Реестр!$A:$A,0)),"⚠ нет в реестре") | E48: «Назад» | F48: Назад | G48: CAB-01 | H48: =IF(G48="ANCHOR","Прокрутка к секции",IF(G48="EXT","Внешняя ссылка",IF(G48="PARENT","Вернуться туда, откуда открыто",IFERROR(INDEX(Реестр!$C:$C,MATCH(G48,Реестр!$A:$A,0)),"⚠ нет в реестре")))) | J48: Нет элемента | K48: Кнопки «Назад» нет, возврат через меню кабинета
A49: L-060 | B49: CAB | C49: CAB-04 | D49: =IFERROR(INDEX(Реестр!$C:$C,MATCH(C49,Реестр!$A:$A,0)),"⚠ нет в реестре") | E49: Кнопка «Подтвердить перенос» | F49: Переход | G49: CAB-03 | H49: =IF(G49="ANCHOR","Прокрутка к секции",IF(G49="EXT","Внешняя ссылка",IF(G49="PARENT","Вернуться туда, откуда открыто",IFERROR(INDEX(Реестр!$C:$C,MATCH(G49,Реестр!$A:$A,0)),"⚠ нет в реестре")))) | I49: Страница без меню кабинета, выход только этими кнопками | J49: Связано | K49: «Подтвердить» → «Запись перенесена» → «К записи» → CAB-03
A50: L-061 | B50: CAB | C50: CAB-04 | D50: =IFERROR(INDEX(Реестр!$C:$C,MATCH(C50,Реестр!$A:$A,0)),"⚠ нет в реестре") | E50: Кнопка «Отмена» / «Назад» | F50: Назад | G50: CAB-03 | H50: =IF(G50="ANCHOR","Прокрутка к секции",IF(G50="EXT","Внешняя ссылка",IF(G50="PARENT","Вернуться туда, откуда открыто",IFERROR(INDEX(Реестр!$C:$C,MATCH(G50,Реестр!$A:$A,0)),"⚠ нет в реестре")))) | J50: Связано | K50: «Отмена» на выборе времени, «Назад» на сравнении
A51: L-062 | B51: CAB | C51: CAB-05 | D51: =IFERROR(INDEX(Реестр!$C:$C,MATCH(C51,Реестр!$A:$A,0)),"⚠ нет в реестре") | E51: Кнопка «Отменить запись» | F51: Переход | G51: CAB-01 | H51: =IF(G51="ANCHOR","Прокрутка к секции",IF(G51="EXT","Внешняя ссылка",IF(G51="PARENT","Вернуться туда, откуда открыто",IFERROR(INDEX(Реестр!$C:$C,MATCH(G51,Реестр!$A:$A,0)),"⚠ нет в реестре")))) | J51: Связано | K51: Внутри модалки «Запись отменена» → «Закрыть» → CAB-01
A52: L-063 | B52: CAB | C52: CAB-05 | D52: =IFERROR(INDEX(Реестр!$C:$C,MATCH(C52,Реестр!$A:$A,0)),"⚠ нет в реестре") | E52: Кнопка «Не отменять» | F52: Закрыть оверлей | G52: CAB-03 | H52: =IF(G52="ANCHOR","Прокрутка к секции",IF(G52="EXT","Внешняя ссылка",IF(G52="PARENT","Вернуться туда, откуда открыто",IFERROR(INDEX(Реестр!$C:$C,MATCH(G52,Реестр!$A:$A,0)),"⚠ нет в реестре")))) | J52: Связано
A53: L-066 | B53: CAB | C53: CAB-07 | D53: =IFERROR(INDEX(Реестр!$C:$C,MATCH(C53,Реестр!$A:$A,0)),"⚠ нет в реестре") | E53: Кнопка «Выйти» | F53: Переход | G53: PUB-01 | H53: =IF(G53="ANCHOR","Прокрутка к секции",IF(G53="EXT","Внешняя ссылка",IF(G53="PARENT","Вернуться туда, откуда открыто",IFERROR(INDEX(Реестр!$C:$C,MATCH(G53,Реестр!$A:$A,0)),"⚠ нет в реестре")))) | J53: Связано
A54: L-111 | B54: A | C54: A-01 | D54: =IFERROR(INDEX(Реестр!$C:$C,MATCH(C54,Реестр!$A:$A,0)),"⚠ нет в реестре") | E54: Блок записи в сетке | F54: Поповер | G54: A-03 | H54: =IF(G54="ANCHOR","Прокрутка к секции",IF(G54="EXT","Внешняя ссылка",IF(G54="PARENT","Вернуться туда, откуда открыто",IFERROR(INDEX(Реестр!$C:$C,MATCH(G54,Реестр!$A:$A,0)),"⚠ нет в реестре")))) | J54: Связано
A55: L-112 | B55: A | C55: A-01 | D55: =IFERROR(INDEX(Реестр!$C:$C,MATCH(C55,Реестр!$A:$A,0)),"⚠ нет в реестре") | E55: Пустой слот в сетке | F55: Панель | G55: A-02 | H55: =IF(G55="ANCHOR","Прокрутка к секции",IF(G55="EXT","Внешняя ссылка",IF(G55="PARENT","Вернуться туда, откуда открыто",IFERROR(INDEX(Реестр!$C:$C,MATCH(G55,Реестр!$A:$A,0)),"⚠ нет в реестре")))) | J55: Связано | K55: Клик по колонке мастера в свободное время
A56: L-113 | B56: A | C56: A-01 | D56: =IFERROR(INDEX(Реестр!$C:$C,MATCH(C56,Реестр!$A:$A,0)),"⚠ нет в реестре") | E56: Переключатель «Неделя» | F56: Переход | G56: A-01w | H56: =IF(G56="ANCHOR","Прокрутка к секции",IF(G56="EXT","Внешняя ссылка",IF(G56="PARENT","Вернуться туда, откуда открыто",IFERROR(INDEX(Реестр!$C:$C,MATCH(G56,Реестр!$A:$A,0)),"⚠ нет в реестре")))) | J56: Связано | K56: Переключатель «Неделя». Исправлено 25.09.2026
A57: L-115 | B57: A | C57: A-01w | D57: =IFERROR(INDEX(Реестр!$C:$C,MATCH(C57,Реестр!$A:$A,0)),"⚠ нет в реестре") | E57: Переключатель «День» | F57: Переход | G57: A-01 | H57: =IF(G57="ANCHOR","Прокрутка к секции",IF(G57="EXT","Внешняя ссылка",IF(G57="PARENT","Вернуться туда, откуда открыто",IFERROR(INDEX(Реестр!$C:$C,MATCH(G57,Реестр!$A:$A,0)),"⚠ нет в реестре")))) | J57: Связано | K57: Переключатель «День» и заголовок «Чт, 24». Исправлено 25.09.2026
A58: L-116 | B58: A | C58: A-01w | D58: =IFERROR(INDEX(Реестр!$C:$C,MATCH(C58,Реестр!$A:$A,0)),"⚠ нет в реестре") | E58: Блок записи | F58: Поповер | G58: A-03 | H58: =IF(G58="ANCHOR","Прокрутка к секции",IF(G58="EXT","Внешняя ссылка",IF(G58="PARENT","Вернуться туда, откуда открыто",IFERROR(INDEX(Реестр!$C:$C,MATCH(G58,Реестр!$A:$A,0)),"⚠ нет в реестре")))) | J58: Связано | K58: Записи четверга открывают поповер; остальные дни — демо-записи только для просмотра. Исправлено 25.09.2026
A59: L-117 | B59: A | C59: A-02 | D59: =IFERROR(INDEX(Реестр!$C:$C,MATCH(C59,Реестр!$A:$A,0)),"⚠ нет в реестре") | E59: Кнопка «Создать запись» | F59: Закрыть оверлей | G59: A-01 | H59: =IF(G59="ANCHOR","Прокрутка к секции",IF(G59="EXT","Внешняя ссылка",IF(G59="PARENT","Вернуться туда, откуда открыто",IFERROR(INDEX(Реестр!$C:$C,MATCH(G59,Реестр!$A:$A,0)),"⚠ нет в реестре")))) | J59: Связано
A60: L-118 | B60: A | C60: A-02 | D60: =IFERROR(INDEX(Реестр!$C:$C,MATCH(C60,Реестр!$A:$A,0)),"⚠ нет в реестре") | E60: Кнопка «Отмена» | F60: Закрыть оверлей | G60: A-01 | H60: =IF(G60="ANCHOR","Прокрутка к секции",IF(G60="EXT","Внешняя ссылка",IF(G60="PARENT","Вернуться туда, откуда открыто",IFERROR(INDEX(Реестр!$C:$C,MATCH(G60,Реестр!$A:$A,0)),"⚠ нет в реестре")))) | J60: Связано | K60: «Отмена», крестик, клик по фону
A61: L-119 | B61: A | C61: A-02 | D61: =IFERROR(INDEX(Реестр!$C:$C,MATCH(C61,Реестр!$A:$A,0)),"⚠ нет в реестре") | E61: Выбор занятого слота (демо) | F61: Переход | G61: A-02s | H61: =IF(G61="ANCHOR","Прокрутка к секции",IF(G61="EXT","Внешняя ссылка",IF(G61="PARENT","Вернуться туда, откуда открыто",IFERROR(INDEX(Реестр!$C:$C,MATCH(G61,Реестр!$A:$A,0)),"⚠ нет в реестре")))) | J61: Связано | K61: Плашка конфликта при создании на занятое время
A62: L-120 | B62: A | C62: A-02s | D62: =IFERROR(INDEX(Реестр!$C:$C,MATCH(C62,Реестр!$A:$A,0)),"⚠ нет в реестре") | E62: Чипс альтернативного слота | F62: Переход | G62: A-02 | H62: =IF(G62="ANCHOR","Прокрутка к секции",IF(G62="EXT","Внешняя ссылка",IF(G62="PARENT","Вернуться туда, откуда открыто",IFERROR(INDEX(Реестр!$C:$C,MATCH(G62,Реестр!$A:$A,0)),"⚠ нет в реестре")))) | J62: Связано
A63: L-121 | B63: A | C63: A-03 | D63: =IFERROR(INDEX(Реестр!$C:$C,MATCH(C63,Реестр!$A:$A,0)),"⚠ нет в реестре") | E63: Кнопка «Подтвердить» | F63: Закрыть оверлей | G63: A-01 | H63: =IF(G63="ANCHOR","Прокрутка к секции",IF(G63="EXT","Внешняя ссылка",IF(G63="PARENT","Вернуться туда, откуда открыто",IFERROR(INDEX(Реестр!$C:$C,MATCH(G63,Реестр!$A:$A,0)),"⚠ нет в реестре")))) | I63: 25.09.2026: в схеме БД нет статуса подтверждения — запись сразу «Активна» | J63: Не нужно | K63: Подтверждения записи нет (записи сразу «Активна»). Вместо него «Визит завершён» — см. L-225
A64: L-122 | B64: A | C64: A-03 | D64: =IFERROR(INDEX(Реестр!$C:$C,MATCH(C64,Реестр!$A:$A,0)),"⚠ нет в реестре") | E64: Кнопка «Перенести» | F64: Модалка | G64: A-04 | H64: =IF(G64="ANCHOR","Прокрутка к секции",IF(G64="EXT","Внешняя ссылка",IF(G64="PARENT","Вернуться туда, откуда открыто",IFERROR(INDEX(Реестр!$C:$C,MATCH(G64,Реестр!$A:$A,0)),"⚠ нет в реестре")))) | J64: Связано
A65: L-123 | B65: A | C65: A-03 | D65: =IFERROR(INDEX(Реестр!$C:$C,MATCH(C65,Реестр!$A:$A,0)),"⚠ нет в реестре") | E65: Кнопка «Отменить» | F65: Модалка | G65: A-05 | H65: =IF(G65="ANCHOR","Прокрутка к секции",IF(G65="EXT","Внешняя ссылка",IF(G65="PARENT","Вернуться туда, откуда открыто",IFERROR(INDEX(Реестр!$C:$C,MATCH(G65,Реестр!$A:$A,0)),"⚠ нет в реестре")))) | J65: Связано
A66: L-124 | B66: A | C66: A-03 | D66: =IFERROR(INDEX(Реестр!$C:$C,MATCH(C66,Реестр!$A:$A,0)),"⚠ нет в реестре") | E66: Кнопка «Неявка» | F66: Модалка | G66: A-06 | H66: =IF(G66="ANCHOR","Прокрутка к секции",IF(G66="EXT","Внешняя ссылка",IF(G66="PARENT","Вернуться туда, откуда открыто",IFERROR(INDEX(Реестр!$C:$C,MATCH(G66,Реестр!$A:$A,0)),"⚠ нет в реестре")))) | I66: Если пункта нет в поповере — «Нет элемента» | J66: Связано | K66: «Отметить неявку»
A67: L-126 | B67: A | C67: A-03 | D67: =IFERROR(INDEX(Реестр!$C:$C,MATCH(C67,Реестр!$A:$A,0)),"⚠ нет в реестре") | E67: Кнопка «Открыть карточку клиента» | F67: Переход | G67: A-09 | H67: =IF(G67="ANCHOR","Прокрутка к секции",IF(G67="EXT","Внешняя ссылка",IF(G67="PARENT","Вернуться туда, откуда открыто",IFERROR(INDEX(Реестр!$C:$C,MATCH(G67,Реестр!$A:$A,0)),"⚠ нет в реестре")))) | J67: Связано
A68: L-127 | B68: A | C68: A-03 | D68: =IFERROR(INDEX(Реестр!$C:$C,MATCH(C68,Реестр!$A:$A,0)),"⚠ нет в реестре") | E68: Клик вне поповера / крестик | F68: Закрыть оверлей | G68: A-01 | H68: =IF(G68="ANCHOR","Прокрутка к секции",IF(G68="EXT","Внешняя ссылка",IF(G68="PARENT","Вернуться туда, откуда открыто",IFERROR(INDEX(Реестр!$C:$C,MATCH(G68,Реестр!$A:$A,0)),"⚠ нет в реестре")))) | J68: Связано
A69: L-128 | B69: A | C69: A-04 | D69: =IFERROR(INDEX(Реестр!$C:$C,MATCH(C69,Реестр!$A:$A,0)),"⚠ нет в реестре") | E69: Кнопка «Перенести» | F69: Закрыть оверлей | G69: A-01 | H69: =IF(G69="ANCHOR","Прокрутка к секции",IF(G69="EXT","Внешняя ссылка",IF(G69="PARENT","Вернуться туда, откуда открыто",IFERROR(INDEX(Реестр!$C:$C,MATCH(G69,Реестр!$A:$A,0)),"⚠ нет в реестре")))) | J69: Связано | K69: «Перенести запись»
A70: L-129 | B70: A | C70: A-04 | D70: =IFERROR(INDEX(Реестр!$C:$C,MATCH(C70,Реестр!$A:$A,0)),"⚠ нет в реестре") | E70: Кнопка «Отмена» | F70: Закрыть оверлей | G70: A-03 | H70: =IF(G70="ANCHOR","Прокрутка к секции",IF(G70="EXT","Внешняя ссылка",IF(G70="PARENT","Вернуться туда, откуда открыто",IFERROR(INDEX(Реестр!$C:$C,MATCH(G70,Реестр!$A:$A,0)),"⚠ нет в реестре")))) | J70: Связано | K70: Возврат в поповер, если диалог открыт из него
A71: L-131 | B71: A | C71: A-05 | D71: =IFERROR(INDEX(Реестр!$C:$C,MATCH(C71,Реестр!$A:$A,0)),"⚠ нет в реестре") | E71: Кнопка «Не отменять» | F71: Закрыть оверлей | G71: A-03 | H71: =IF(G71="ANCHOR","Прокрутка к секции",IF(G71="EXT","Внешняя ссылка",IF(G71="PARENT","Вернуться туда, откуда открыто",IFERROR(INDEX(Реестр!$C:$C,MATCH(G71,Реестр!$A:$A,0)),"⚠ нет в реестре")))) | J71: Связано | K71: Кнопка называется «Отмена»
A72: L-132 | B72: A | C72: A-06 | D72: =IFERROR(INDEX(Реестр!$C:$C,MATCH(C72,Реестр!$A:$A,0)),"⚠ нет в реестре") | E72: Кнопка «Зафиксировать неявку» | F72: Закрыть оверлей | G72: A-01 | H72: =IF(G72="ANCHOR","Прокрутка к секции",IF(G72="EXT","Внешняя ссылка",IF(G72="PARENT","Вернуться туда, откуда открыто",IFERROR(INDEX(Реестр!$C:$C,MATCH(G72,Реестр!$A:$A,0)),"⚠ нет в реестре")))) | J72: Связано
A73: L-133 | B73: A | C73: A-06 | D73: =IFERROR(INDEX(Реестр!$C:$C,MATCH(C73,Реестр!$A:$A,0)),"⚠ нет в реестре") | E73: Кнопка «Отмена» | F73: Закрыть оверлей | G73: A-03 | H73: =IF(G73="ANCHOR","Прокрутка к секции",IF(G73="EXT","Внешняя ссылка",IF(G73="PARENT","Вернуться туда, откуда открыто",IFERROR(INDEX(Реестр!$C:$C,MATCH(G73,Реестр!$A:$A,0)),"⚠ нет в реестре")))) | J73: Связано
A74: L-134 | B74: A | C74: A-07 | D74: =IFERROR(INDEX(Реестр!$C:$C,MATCH(C74,Реестр!$A:$A,0)),"⚠ нет в реестре") | E74: Строка клиента | F74: Панель | G74: A-08 | H74: =IF(G74="ANCHOR","Прокрутка к секции",IF(G74="EXT","Внешняя ссылка",IF(G74="PARENT","Вернуться туда, откуда открыто",IFERROR(INDEX(Реестр!$C:$C,MATCH(G74,Реестр!$A:$A,0)),"⚠ нет в реестре")))) | J74: Связано
A75: L-138 | B75: A | C75: A-08 | D75: =IFERROR(INDEX(Реестр!$C:$C,MATCH(C75,Реестр!$A:$A,0)),"⚠ нет в реестре") | E75: Кнопка «Записать» | F75: Панель | G75: A-02 | H75: =IF(G75="ANCHOR","Прокрутка к секции",IF(G75="EXT","Внешняя ссылка",IF(G75="PARENT","Вернуться туда, откуда открыто",IFERROR(INDEX(Реестр!$C:$C,MATCH(G75,Реестр!$A:$A,0)),"⚠ нет в реестре")))) | J75: Связано | K75: Клиент в панели не подставляется
A76: L-139 | B76: A | C76: A-08 | D76: =IFERROR(INDEX(Реестр!$C:$C,MATCH(C76,Реестр!$A:$A,0)),"⚠ нет в реестре") | E76: Кнопка «Открыть карточку» | F76: Переход | G76: A-09 | H76: =IF(G76="ANCHOR","Прокрутка к секции",IF(G76="EXT","Внешняя ссылка",IF(G76="PARENT","Вернуться туда, откуда открыто",IFERROR(INDEX(Реестр!$C:$C,MATCH(G76,Реестр!$A:$A,0)),"⚠ нет в реестре")))) | J76: Связано
A77: L-140 | B77: A | C77: A-08 | D77: =IFERROR(INDEX(Реестр!$C:$C,MATCH(C77,Реестр!$A:$A,0)),"⚠ нет в реестре") | E77: Кнопка «Позвонить» | F77: Внешняя ссылка | G77: EXT | H77: =IF(G77="ANCHOR","Прокрутка к секции",IF(G77="EXT","Внешняя ссылка",IF(G77="PARENT","Вернуться туда, откуда открыто",IFERROR(INDEX(Реестр!$C:$C,MATCH(G77,Реестр!$A:$A,0)),"⚠ нет в реестре")))) | J77: Связано
A78: L-141 | B78: A | C78: A-08 | D78: =IFERROR(INDEX(Реестр!$C:$C,MATCH(C78,Реестр!$A:$A,0)),"⚠ нет в реестре") | E78: Крестик | F78: Закрыть оверлей | G78: A-07 | H78: =IF(G78="ANCHOR","Прокрутка к секции",IF(G78="EXT","Внешняя ссылка",IF(G78="PARENT","Вернуться туда, откуда открыто",IFERROR(INDEX(Реестр!$C:$C,MATCH(G78,Реестр!$A:$A,0)),"⚠ нет в реестре")))) | J78: Связано
A79: L-142 | B79: A | C79: A-09 | D79: =IFERROR(INDEX(Реестр!$C:$C,MATCH(C79,Реестр!$A:$A,0)),"⚠ нет в реестре") | E79: Кнопка «Записать» | F79: Панель | G79: A-02 | H79: =IF(G79="ANCHOR","Прокрутка к секции",IF(G79="EXT","Внешняя ссылка",IF(G79="PARENT","Вернуться туда, откуда открыто",IFERROR(INDEX(Реестр!$C:$C,MATCH(G79,Реестр!$A:$A,0)),"⚠ нет в реестре")))) | J79: Связано | K79: Клиент в панели не подставляется
A80: L-145 | B80: A | C80: A-09 | D80: =IFERROR(INDEX(Реестр!$C:$C,MATCH(C80,Реестр!$A:$A,0)),"⚠ нет в реестре") | E80: Кнопка «В чёрный список» | F80: Модалка | G80: A-11 | H80: =IF(G80="ANCHOR","Прокрутка к секции",IF(G80="EXT","Внешняя ссылка",IF(G80="PARENT","Вернуться туда, откуда открыто",IFERROR(INDEX(Реестр!$C:$C,MATCH(G80,Реестр!$A:$A,0)),"⚠ нет в реестре")))) | J80: Связано | K80: Кнопка не показывалась у клиентов вне чёрного списка (неверное условие). Исправлено 25.09.2026
A81: L-146 | B81: A | C81: A-09 | D81: =IFERROR(INDEX(Реестр!$C:$C,MATCH(C81,Реестр!$A:$A,0)),"⚠ нет в реестре") | E81: Запись во вкладке «Предстоящие» | F81: Поповер | G81: A-03 | H81: =IF(G81="ANCHOR","Прокрутка к секции",IF(G81="EXT","Внешняя ссылка",IF(G81="PARENT","Вернуться туда, откуда открыто",IFERROR(INDEX(Реестр!$C:$C,MATCH(G81,Реестр!$A:$A,0)),"⚠ нет в реестре")))) | I81: 25.09.2026: данные есть: предстоящие записи клиента (bookings). Нужно открыть поповер по клику в прототипе | J81: Связано | K81: Строка во вкладке «Предстоящие» открывает поповер записи; список считается из записей клиента (в демо — запись Ольги Петровой на 6 октября). Сделано 25.09.2026
A82: L-147 | B82: A | C82: A-09 | D82: =IFERROR(INDEX(Реестр!$C:$C,MATCH(C82,Реестр!$A:$A,0)),"⚠ нет в реестре") | E82: «Назад к клиентам» | F82: Назад | G82: A-07 | H82: =IF(G82="ANCHOR","Прокрутка к секции",IF(G82="EXT","Внешняя ссылка",IF(G82="PARENT","Вернуться туда, откуда открыто",IFERROR(INDEX(Реестр!$C:$C,MATCH(G82,Реестр!$A:$A,0)),"⚠ нет в реестре")))) | J82: Связано | K82: «← Клиенты»
A83: L-150 | B83: A | C83: A-11 | D83: =IFERROR(INDEX(Реестр!$C:$C,MATCH(C83,Реестр!$A:$A,0)),"⚠ нет в реестре") | E83: Кнопка «Подтвердить» | F83: Закрыть оверлей | G83: A-09 | H83: =IF(G83="ANCHOR","Прокрутка к секции",IF(G83="EXT","Внешняя ссылка",IF(G83="PARENT","Вернуться туда, откуда открыто",IFERROR(INDEX(Реестр!$C:$C,MATCH(G83,Реестр!$A:$A,0)),"⚠ нет в реестре")))) | J83: Связано
A84: L-151 | B84: A | C84: A-11 | D84: =IFERROR(INDEX(Реестр!$C:$C,MATCH(C84,Реестр!$A:$A,0)),"⚠ нет в реестре") | E84: Кнопка «Отмена» | F84: Закрыть оверлей | G84: A-09 | H84: =IF(G84="ANCHOR","Прокрутка к секции",IF(G84="EXT","Внешняя ссылка",IF(G84="PARENT","Вернуться туда, откуда открыто",IFERROR(INDEX(Реестр!$C:$C,MATCH(G84,Реестр!$A:$A,0)),"⚠ нет в реестре")))) | J84: Связано
A85: L-169 | B85: A | C85: A-19 | D85: =IFERROR(INDEX(Реестр!$C:$C,MATCH(C85,Реестр!$A:$A,0)),"⚠ нет в реестре") | E85: Строка мастера | F85: Переход | G85: A-22 | H85: =IF(G85="ANCHOR","Прокрутка к секции",IF(G85="EXT","Внешняя ссылка",IF(G85="PARENT","Вернуться туда, откуда открыто",IFERROR(INDEX(Реестр!$C:$C,MATCH(G85,Реестр!$A:$A,0)),"⚠ нет в реестре")))) | J85: Связано
A86: L-170 | B86: A | C86: A-19 | D86: =IFERROR(INDEX(Реестр!$C:$C,MATCH(C86,Реестр!$A:$A,0)),"⚠ нет в реестре") | E86: Вкладка «График смен» | F86: Переход | G86: A-20 | H86: =IF(G86="ANCHOR","Прокрутка к секции",IF(G86="EXT","Внешняя ссылка",IF(G86="PARENT","Вернуться туда, откуда открыто",IFERROR(INDEX(Реестр!$C:$C,MATCH(G86,Реестр!$A:$A,0)),"⚠ нет в реестре")))) | J86: Связано | K86: Кнопка «График смен на месяц»
A87: L-172 | B87: A | C87: A-20 | D87: =IFERROR(INDEX(Реестр!$C:$C,MATCH(C87,Реестр!$A:$A,0)),"⚠ нет в реестре") | E87: Вкладка «Мастера» | F87: Переход | G87: A-19 | H87: =IF(G87="ANCHOR","Прокрутка к секции",IF(G87="EXT","Внешняя ссылка",IF(G87="PARENT","Вернуться туда, откуда открыто",IFERROR(INDEX(Реестр!$C:$C,MATCH(G87,Реестр!$A:$A,0)),"⚠ нет в реестре")))) | J87: Связано | K87: «← Мастера»
A88: L-176 | B88: A | C88: A-22 | D88: =IFERROR(INDEX(Реестр!$C:$C,MATCH(C88,Реестр!$A:$A,0)),"⚠ нет в реестре") | E88: «Назад к мастерам» | F88: Назад | G88: A-19 | H88: =IF(G88="ANCHOR","Прокрутка к секции",IF(G88="EXT","Внешняя ссылка",IF(G88="PARENT","Вернуться туда, откуда открыто",IFERROR(INDEX(Реестр!$C:$C,MATCH(G88,Реестр!$A:$A,0)),"⚠ нет в реестре")))) | J88: Связано | K88: «← Мастера»
A89: L-177 | B89: A | C89: A-22 | D89: =IFERROR(INDEX(Реестр!$C:$C,MATCH(C89,Реестр!$A:$A,0)),"⚠ нет в реестре") | E89: Блок «График» | F89: Переход | G89: A-20 | H89: =IF(G89="ANCHOR","Прокрутка к секции",IF(G89="EXT","Внешняя ссылка",IF(G89="PARENT","Вернуться туда, откуда открыто",IFERROR(INDEX(Реестр!$C:$C,MATCH(G89,Реестр!$A:$A,0)),"⚠ нет в реестре")))) | J89: Нет элемента | K89: Блок «График работы» — текст
A90: L-179 | B90: A | C90: A-23 | D90: =IFERROR(INDEX(Реестр!$C:$C,MATCH(C90,Реестр!$A:$A,0)),"⚠ нет в реестре") | E90: Строка услуги | F90: Переход | G90: A-24 | H90: =IF(G90="ANCHOR","Прокрутка к секции",IF(G90="EXT","Внешняя ссылка",IF(G90="PARENT","Вернуться туда, откуда открыто",IFERROR(INDEX(Реестр!$C:$C,MATCH(G90,Реестр!$A:$A,0)),"⚠ нет в реестре")))) | J90: Связано | K90: Исправлено 25.09.2026
A91: L-180 | B91: A | C91: A-23 | D91: =IFERROR(INDEX(Реестр!$C:$C,MATCH(C91,Реестр!$A:$A,0)),"⚠ нет в реестре") | E91: Кнопка «Добавить услугу» | F91: Переход | G91: A-24 | H91: =IF(G91="ANCHOR","Прокрутка к секции",IF(G91="EXT","Внешняя ссылка",IF(G91="PARENT","Вернуться туда, откуда открыто",IFERROR(INDEX(Реестр!$C:$C,MATCH(G91,Реестр!$A:$A,0)),"⚠ нет в реестре")))) | J91: Связано | K91: Исправлено 25.09.2026
A92: L-181 | B92: A | C92: A-24 | D92: =IFERROR(INDEX(Реестр!$C:$C,MATCH(C92,Реестр!$A:$A,0)),"⚠ нет в реестре") | E92: Кнопка «Сохранить» | F92: Переход | G92: A-23 | H92: =IF(G92="ANCHOR","Прокрутка к секции",IF(G92="EXT","Внешняя ссылка",IF(G92="PARENT","Вернуться туда, откуда открыто",IFERROR(INDEX(Реестр!$C:$C,MATCH(G92,Реестр!$A:$A,0)),"⚠ нет в реестре")))) | J92: Связано | K92: Сохраняет и возвращает к списку. Исправлено 25.09.2026
A93: L-182 | B93: A | C93: A-24 | D93: =IFERROR(INDEX(Реестр!$C:$C,MATCH(C93,Реестр!$A:$A,0)),"⚠ нет в реестре") | E93: Кнопка «Отмена» | F93: Назад | G93: A-23 | H93: =IF(G93="ANCHOR","Прокрутка к секции",IF(G93="EXT","Внешняя ссылка",IF(G93="PARENT","Вернуться туда, откуда открыто",IFERROR(INDEX(Реестр!$C:$C,MATCH(G93,Реестр!$A:$A,0)),"⚠ нет в реестре")))) | J93: Связано | K93: «Отмена» и «← Услуги» возвращают к списку. Исправлено 25.09.2026
A94: L-198 | B94: A | C94: A-S1 | D94: =IFERROR(INDEX(Реестр!$C:$C,MATCH(C94,Реестр!$A:$A,0)),"⚠ нет в реестре") | E94: Кнопка «Обновить» | F94: Переход | G94: A-01 | H94: =IF(G94="ANCHOR","Прокрутка к секции",IF(G94="EXT","Внешняя ссылка",IF(G94="PARENT","Вернуться туда, откуда открыто",IFERROR(INDEX(Реестр!$C:$C,MATCH(G94,Реестр!$A:$A,0)),"⚠ нет в реестре")))) | J94: Связано | K94: Карточка в галерее A-33
A95: L-199 | B95: A | C95: A-S2 | D95: =IFERROR(INDEX(Реестр!$C:$C,MATCH(C95,Реестр!$A:$A,0)),"⚠ нет в реестре") | E95: Кнопка «Повторить» | F95: Переход | G95: A-01 | H95: =IF(G95="ANCHOR","Прокрутка к секции",IF(G95="EXT","Внешняя ссылка",IF(G95="PARENT","Вернуться туда, откуда открыто",IFERROR(INDEX(Реестр!$C:$C,MATCH(G95,Реестр!$A:$A,0)),"⚠ нет в реестре")))) | J95: Связано | K95: Карточка в галерее A-33
A96: L-204 | B96: SYS | C96: SYS-01 | D96: =IFERROR(INDEX(Реестр!$C:$C,MATCH(C96,Реестр!$A:$A,0)),"⚠ нет в реестре") | E96: Кнопка «На главную» | F96: Переход | G96: PUB-01 | H96: =IF(G96="ANCHOR","Прокрутка к секции",IF(G96="EXT","Внешняя ссылка",IF(G96="PARENT","Вернуться туда, откуда открыто",IFERROR(INDEX(Реестр!$C:$C,MATCH(G96,Реестр!$A:$A,0)),"⚠ нет в реестре")))) | J96: Связано | K96: Плюс «Мои записи» для авторизованного
A97: L-207 | B97: SYS | C97: SYS-03 | D97: =IFERROR(INDEX(Реестр!$C:$C,MATCH(C97,Реестр!$A:$A,0)),"⚠ нет в реестре") | E97: Кнопка «Войти снова» | F97: Переход | G97: AUTH-04 | H97: =IF(G97="ANCHOR","Прокрутка к секции",IF(G97="EXT","Внешняя ссылка",IF(G97="PARENT","Вернуться туда, откуда открыто",IFERROR(INDEX(Реестр!$C:$C,MATCH(G97,Реестр!$A:$A,0)),"⚠ нет в реестре")))) | I97: Для клиента — AUTH-01 | J97: Связано | K97: Сотрудник: «Войти» → AUTH-04 (галерея). Клиент: вход прямо в модалке BOOK-M3
A98: L-208 | B98: SYS | C98: SYS-04 | D98: =IFERROR(INDEX(Реестр!$C:$C,MATCH(C98,Реестр!$A:$A,0)),"⚠ нет в реестре") | E98: Кнопка «Ко входу» | F98: Переход | G98: AUTH-04 | H98: =IF(G98="ANCHOR","Прокрутка к секции",IF(G98="EXT","Внешняя ссылка",IF(G98="PARENT","Вернуться туда, откуда открыто",IFERROR(INDEX(Реестр!$C:$C,MATCH(G98,Реестр!$A:$A,0)),"⚠ нет в реестре")))) | J98: Связано | K98: Кнопка «Выйти» → AUTH-04 (галерея)
A99: L-209 | B99: SYS | C99: SYS-04 | D99: =IFERROR(INDEX(Реестр!$C:$C,MATCH(C99,Реестр!$A:$A,0)),"⚠ нет в реестре") | E99: «Связаться с администратором» | F99: Внешняя ссылка | G99: EXT | H99: =IF(G99="ANCHOR","Прокрутка к секции",IF(G99="EXT","Внешняя ссылка",IF(G99="PARENT","Вернуться туда, откуда открыто",IFERROR(INDEX(Реестр!$C:$C,MATCH(G99,Реестр!$A:$A,0)),"⚠ нет в реестре")))) | J99: Нет элемента | K99: Нет
A100: L-210 | B100: PUB | C100: PUB-01 | D100: =IFERROR(INDEX(Реестр!$C:$C,MATCH(C100,Реестр!$A:$A,0)),"⚠ нет в реестре") | E100: Кнопка «Записаться к мастеру» на карточке мастера | F100: Переход | G100: BOOK-01 | H100: =IF(G100="ANCHOR","Прокрутка к секции",IF(G100="EXT","Внешняя ссылка",IF(G100="PARENT","Вернуться туда, откуда открыто",IFERROR(INDEX(Реестр!$C:$C,MATCH(G100,Реестр!$A:$A,0)),"⚠ нет в реестре")))) | I100: Мастер закреплён | J100: Связано | K100: Есть в прототипе, не было в карте
...

Sheet Сценарии
A1: № | B1: Роль | C1: Сценарий | D1: Путь (ID) | E1: Результат прогона | F1: Где обрывается
A2: 1 | B2: Клиент | C2: Запись с лендинга без авторизации | D2: PUB-01 → BOOK-01 → BOOK-02 → BOOK-03 → AUTH-01 → BOOK-04 → BOOK-05 → CAB-01 | E2: Проходит | F2: Вход по коду: AUTH-01 → AUTH-02 → BOOK-04. Новый клиент: AUTH-01 → AUTH-03 → AUTH-02 → BOOK-04
A3: 2 | B3: Клиент | C3: Запись из профиля мастера (шаг «Мастер» пропускается) | D3: PUB-01 → PUB-05 → BOOK-01 → BOOK-03 → BOOK-04 → BOOK-05 | E3: Проходит | F3: Авторизованным. Иначе после BOOK-03 → AUTH-01 → BOOK-04
A4: 3 | B4: Клиент | C4: Перенос записи | D4: CAB-01 → CAB-03 → CAB-04 → CAB-03 → CAB-01 | E4: Проходит | F4: CAB-04 → «Запись перенесена» → «К записи» → CAB-03; CAB-03 → CAB-01 через меню кабинета
A5: 4 | B5: Клиент | C5: Отмена записи и выход | D5: CAB-01 → CAB-03 → CAB-05 → CAB-01 → [меню: Выйти] → PUB-01 | E5: Проходит | F5: CAB-05 → «Запись отменена» → «Закрыть» → CAB-01 → «Выйти» → лендинг
A6: 5 | B6: Администратор | C6: Создание записи | D6: A-01 → A-02 → A-01 | E6: Проходит
A7: 6 | B7: Администратор | C7: Отмена записи | D7: A-01 → A-03 → A-05 → A-01 | E7: Проходит | F7: Освободившееся время сразу видно в шахматке
A8: 7 | B8: Администратор | C8: Вход и выход администратора | D8: PUB-01 → [подвал: Вход для сотрудников] → AUTH-04 → A-01 → [меню «Администратор»: Выход] → AUTH-04 | E8: Проходит
A9: 8 | B9: Администратор | C9: Шахматка на неделю | D9: A-01 → [Неделя] → A-01w → A-03 → A-01w → [Чт, 24] → A-01 | E9: Проходит
A10: 9 | B10: Администратор | C10: Изменение услуги | D10: A-01 → [меню: Услуги] → A-23 → A-24 → [Сохранить] → A-23 | E10: Проходит
A11: 10 | B11: Администратор | C11: Особый день студии (санитарный день) | D11: A-01 → [меню: Мастера] → A-19 → A-20 → A-20d → [Добавить день] → A-20 | E11: Проходит | F11: Проверено 25.09.2026: закрытие 25 сентября показывает 4 записи, требующие решения
A12: 11 | B12: Администратор | C12: Новый график мастера с даты | D12: A-19 → A-22 → A-22p → [Сохранить график] → A-22 | E12: Проходит | F12: Проверено 25.09.2026: график ср–сб 11:00–18:00 с 25 сентября показывает запись, которая в него не попадает
A13: 12 | B13: Администратор | C13: Фото работ после визита и публикация | D13: A-01 → A-03 → A-12 → [Профиль мастера] → PUB-05 | E13: Проходит | F13: Второй вход: A-09 → A-12. Без согласия клиента публикация блокируется

Sheet Вопросы
A1: № | B1: Вопрос | C1: Суть | D1: Когда решить | E1: Решение | F1: Что в прототипе
A2: 1 | B2: Вход сотрудника | C2: Единственный путь на AUTH-04 в карте — ссылка в подвале лендинга. Если её нет, страница останется без входящих переходов: сотрудники заходят по прямому адресу. Это допустимо, но в прототипе нужен способ туда попасть для показа. | D2: Проверить подвал | E2: Решено 25.09.2026: ссылка «Вход для сотрудников» добавлена в подвал лендинга | F2: Ссылка в подвале → #/staff/login
A3: 2 | B3: Модалка «Слот занят» (BOOK-M1) | C3: Осталась ли она после появления листа ожидания, или занятый слот сразу ведёт в BOOK-W1. | D3: Сверка реестра | F3: Модалка осталась, но открывается с BOOK-04 при подтверждении (сценарий «Слот заняли»), с альтернативами и «Выбрать другое время»
A4: 3 | B4: Пропуск шага «Мастер» | C4: Вход из профиля мастера пропускает шаг 2. В прототипе кнопка «Далее» на шаге услуг не может вести в два места — выбрать демо-ветку. | D4: Решить до блока BOOK | F4: Решено в прототипе: при закреплённом мастере «Далее» ведёт сразу на BOOK-03
A5: 4 | B5: Корзина визита на шаге услуг | C5: Мультивыбор внутри страницы переходом не является. Уточнить, есть ли отдельный экран или шторка корзины. | D5: Сверка реестра | F5: Отдельного экрана нет: корзина — плашка внизу BOOK-01, раскрывается по клику
A6: 5 | B6: Перенос записи (CAB-04) | C6: Страница без меню кабинета: единственный выход — кнопки «Подтвердить» и «Назад». Проверить, что обе связаны, иначе страница станет тупиком. | D6: Блок CAB | F6: Обе связаны: «Отмена»/«Назад» → CAB-03, «Подтвердить» → экран успеха → «К записи» → CAB-03
A7: 6 | B7: Меню аккаунта в шапке лендинга | C7: Три пункта: Мои записи, Профиль, Выйти. «Уведомления» и «Избранные мастера» доступны только из меню кабинета — проверить, что это осознанно. | D7: Проверить | F7: Меню аккаунта: Мои записи, Профиль, Выйти. Уведомлений и избранных мастеров в продукте нет (по паспорту)
A8: 7 | B8: Условные переходы | C8: Прототип не ветвится по данным: вход с одной или двумя ролями, новый или существующий клиент, успех или ошибка записи, пропуск шага мастера. Для каждой такой кнопки выбрать одну демо-ветку. | D8: Решить до блоков AUTH и BOOK | F8: Ветвление сделано через панель разработчика: «Авторизован / Не авторизован» и сценарии записи (обычный, слот заняли, ошибка сервера, нет интернета, сессия истекла, новый клиент)
A9: 8 | B9: «Неявка» в поповере администратора | C9: В промпте поповера такого пункта не было, диалог неявки A-06 может оказаться недостижимым. | D9: Проверить A-03 | F9: «Отметить неявку» в поповере есть — A-06 достижим
A10: 9 | B10: Служебные страницы и демо-состояния | C10: На них нет естественного входа — они возникают по событию. Решить, нужны ли демо-входы для показа прототипа. | D10: Решить до блока SYS | F10: Демо-входы есть: «Карта прототипа» → «Ключевые состояния» и галерея состояний #/staff/states-gallery
